-- Load data for all Genus records

SET IDENTITY_INSERT [dbo].[Genus] ON

INSERT INTO [dbo].[Genus] ([Id], [LatinName]) VALUES (1, N'Acacia                        ')
INSERT INTO [dbo].[Genus] ([Id], [LatinName]) VALUES (2, N'Acmella                       ')
INSERT INTO [dbo].[Genus] ([Id], [LatinName]) VALUES (3, N'Acmena                        ')
INSERT INTO [dbo].[Genus] ([Id], [LatinName]) VALUES (4, N'Acrotriche                    ')
INSERT INTO [dbo].[Genus] ([Id], [LatinName]) VALUES (5, N'Aleurites                     ')
INSERT INTO [dbo].[Genus] ([Id], [LatinName]) VALUES (6, N'Allocasuarina                 ')
INSERT INTO [dbo].[Genus] ([Id], [LatinName]) VALUES (7, N'Alocasia                      ')
INSERT INTO [dbo].[Genus] ([Id], [LatinName]) VALUES (8, N'Alpinia                       ')
INSERT INTO [dbo].[Genus] ([Id], [LatinName]) VALUES (9, N'Angophora                     ')
INSERT INTO [dbo].[Genus] ([Id], [LatinName]) VALUES (10, N'Araucaria                     ')
INSERT INTO [dbo].[Genus] ([Id], [LatinName]) VALUES (11, N'Austromyrtus                  ')
INSERT INTO [dbo].[Genus] ([Id], [LatinName]) VALUES (12, N'Babingtonia                   ')
INSERT INTO [dbo].[Genus] ([Id], [LatinName]) VALUES (13, N'Backhousia                    ')
INSERT INTO [dbo].[Genus] ([Id], [LatinName]) VALUES (14, N'Banksia                       ')
INSERT INTO [dbo].[Genus] ([Id], [LatinName]) VALUES (15, N'Brachychiton                  ')
INSERT INTO [dbo].[Genus] ([Id], [LatinName]) VALUES (16, N'Buckinghamia                  ')
INSERT INTO [dbo].[Genus] ([Id], [LatinName]) VALUES (17, N'Bursaria                      ')
INSERT INTO [dbo].[Genus] ([Id], [LatinName]) VALUES (18, N'Callicarpa')
INSERT INTO [dbo].[Genus] ([Id], [LatinName]) VALUES (19, N'Callistemon                   ')
INSERT INTO [dbo].[Genus] ([Id], [LatinName]) VALUES (20, N'Carex                         ')
INSERT INTO [dbo].[Genus] ([Id], [LatinName]) VALUES (21, N'Casuarina                     ')
INSERT INTO [dbo].[Genus] ([Id], [LatinName]) VALUES (22, N'Chrysocephalum                ')
INSERT INTO [dbo].[Genus] ([Id], [LatinName]) VALUES (23, N'Corymbia                      ')
INSERT INTO [dbo].[Genus] ([Id], [LatinName]) VALUES (24, N'Cryptocarya                   ')
INSERT INTO [dbo].[Genus] ([Id], [LatinName]) VALUES (25, N'Cupaniopsis                   ')
INSERT INTO [dbo].[Genus] ([Id], [LatinName]) VALUES (26, N'Cyathea                       ')
INSERT INTO [dbo].[Genus] ([Id], [LatinName]) VALUES (27, N'Cymbopogon                    ')
INSERT INTO [dbo].[Genus] ([Id], [LatinName]) VALUES (28, N'Daviesia                      ')
INSERT INTO [dbo].[Genus] ([Id], [LatinName]) VALUES (29, N'Dianella                      ')
INSERT INTO [dbo].[Genus] ([Id], [LatinName]) VALUES (30, N'Dillwynnia                    ')
INSERT INTO [dbo].[Genus] ([Id], [LatinName]) VALUES (31, N'Diploglottis                  ')
INSERT INTO [dbo].[Genus] ([Id], [LatinName]) VALUES (32, N'Dodonaea                      ')
INSERT INTO [dbo].[Genus] ([Id], [LatinName]) VALUES (33, N'Elaeocarpus                   ')
INSERT INTO [dbo].[Genus] ([Id], [LatinName]) VALUES (34, N'Endiandra                     ')
INSERT INTO [dbo].[Genus] ([Id], [LatinName]) VALUES (35, N'Entolasia                     ')
INSERT INTO [dbo].[Genus] ([Id], [LatinName]) VALUES (36, N'Eremophila                    ')
INSERT INTO [dbo].[Genus] ([Id], [LatinName]) VALUES (37, N'Eucalyptus                    ')
INSERT INTO [dbo].[Genus] ([Id], [LatinName]) VALUES (38, N'Eupomatia                     ')
INSERT INTO [dbo].[Genus] ([Id], [LatinName]) VALUES (39, N'Eustrephus                    ')
INSERT INTO [dbo].[Genus] ([Id], [LatinName]) VALUES (40, N'Exocarpus                     ')
INSERT INTO [dbo].[Genus] ([Id], [LatinName]) VALUES (41, N'Ficus                         ')
INSERT INTO [dbo].[Genus] ([Id], [LatinName]) VALUES (42, N'Gahnia                        ')
INSERT INTO [dbo].[Genus] ([Id], [LatinName]) VALUES (43, N'Geitonoplesium                ')
INSERT INTO [dbo].[Genus] ([Id], [LatinName]) VALUES (44, N'Glochidion                    ')
INSERT INTO [dbo].[Genus] ([Id], [LatinName]) VALUES (45, N'Gompholobium                  ')
INSERT INTO [dbo].[Genus] ([Id], [LatinName]) VALUES (46, N'Grevillea                     ')
INSERT INTO [dbo].[Genus] ([Id], [LatinName]) VALUES (47, N'Guioa                         ')
INSERT INTO [dbo].[Genus] ([Id], [LatinName]) VALUES (48, N'Hakea                         ')
INSERT INTO [dbo].[Genus] ([Id], [LatinName]) VALUES (49, N'Hardenbergia                  ')
INSERT INTO [dbo].[Genus] ([Id], [LatinName]) VALUES (50, N'Harpullia                     ')
INSERT INTO [dbo].[Genus] ([Id], [LatinName]) VALUES (51, N'Homalanthus                   ')
INSERT INTO [dbo].[Genus] ([Id], [LatinName]) VALUES (52, N'Hovea                         ')
INSERT INTO [dbo].[Genus] ([Id], [LatinName]) VALUES (53, N'Lepidosperma                  ')
INSERT INTO [dbo].[Genus] ([Id], [LatinName]) VALUES (54, N'Leptospermum                  ')
INSERT INTO [dbo].[Genus] ([Id], [LatinName]) VALUES (55, N'Lomandra                      ')
INSERT INTO [dbo].[Genus] ([Id], [LatinName]) VALUES (56, N'Lophostemon                   ')
INSERT INTO [dbo].[Genus] ([Id], [LatinName]) VALUES (57, N'Macadamia                     ')
INSERT INTO [dbo].[Genus] ([Id], [LatinName]) VALUES (58, N'Macrozamia                    ')
INSERT INTO [dbo].[Genus] ([Id], [LatinName]) VALUES (59, N'Melaleuca                     ')
INSERT INTO [dbo].[Genus] ([Id], [LatinName]) VALUES (60, N'Metrosideros                  ')
INSERT INTO [dbo].[Genus] ([Id], [LatinName]) VALUES (61, N'Neolitsea                     ')
INSERT INTO [dbo].[Genus] ([Id], [LatinName]) VALUES (62, N'Persoonia                     ')
INSERT INTO [dbo].[Genus] ([Id], [LatinName]) VALUES (63, N'Petalostigma                  ')
INSERT INTO [dbo].[Genus] ([Id], [LatinName]) VALUES (64, N'Phaleria                      ')
INSERT INTO [dbo].[Genus] ([Id], [LatinName]) VALUES (65, N'Pimelia                       ')
INSERT INTO [dbo].[Genus] ([Id], [LatinName]) VALUES (66, N'Pittosporum                   ')
INSERT INTO [dbo].[Genus] ([Id], [LatinName]) VALUES (67, N'Poa                           ')
INSERT INTO [dbo].[Genus] ([Id], [LatinName]) VALUES (68, N'Podolobium                    ')
INSERT INTO [dbo].[Genus] ([Id], [LatinName]) VALUES (69, N'Pomax                         ')
INSERT INTO [dbo].[Genus] ([Id], [LatinName]) VALUES (70, N'Prostanthera                  ')
INSERT INTO [dbo].[Genus] ([Id], [LatinName]) VALUES (71, N'Pultenaea                     ')
INSERT INTO [dbo].[Genus] ([Id], [LatinName]) VALUES (72, N'Remusatia                     ')
INSERT INTO [dbo].[Genus] ([Id], [LatinName]) VALUES (73, N'Scaevola                      ')
INSERT INTO [dbo].[Genus] ([Id], [LatinName]) VALUES (74, N'Schizea                       ')
INSERT INTO [dbo].[Genus] ([Id], [LatinName]) VALUES (75, N'Sloanea                       ')
INSERT INTO [dbo].[Genus] ([Id], [LatinName]) VALUES (76, N'Smilax                        ')
INSERT INTO [dbo].[Genus] ([Id], [LatinName]) VALUES (77, N'Sorghum                       ')
INSERT INTO [dbo].[Genus] ([Id], [LatinName]) VALUES (78, N'Sterculia                     ')
INSERT INTO [dbo].[Genus] ([Id], [LatinName]) VALUES (79, N'Syncarpia                     ')
INSERT INTO [dbo].[Genus] ([Id], [LatinName]) VALUES (80, N'Synoum                        ')
INSERT INTO [dbo].[Genus] ([Id], [LatinName]) VALUES (81, N'Syzygium                      ')
INSERT INTO [dbo].[Genus] ([Id], [LatinName]) VALUES (82, N'Themeda                       ')
INSERT INTO [dbo].[Genus] ([Id], [LatinName]) VALUES (83, N'Thryptomene                   ')
INSERT INTO [dbo].[Genus] ([Id], [LatinName]) VALUES (84, N'Vitex                         ')
INSERT INTO [dbo].[Genus] ([Id], [LatinName]) VALUES (85, N'Westringia                    ')
INSERT INTO [dbo].[Genus] ([Id], [LatinName]) VALUES (86, N'Wikstroemia                   ')
INSERT INTO [dbo].[Genus] ([Id], [LatinName]) VALUES (87, N'Xanthorrhoea                  ')
INSERT INTO [dbo].[Genus] ([Id], [LatinName]) VALUES (88, N'Xanthostemon                  ')

SET IDENTITY_INSERT [dbo].[Genus] OFF


SET IDENTITY_INSERT [dbo].[Species] ON

INSERT INTO [dbo].[Species] ([Id], [GenusId], [SpecificName], [CommonName], [Description], [PropagationTime], [Native]) VALUES (139, 1, N'binervia', N'Coastal Myall                                ', N'Enter lots of text here to test and see how and if it displays correctly when I get a chance to look at the actual rendering of the view on the display model side. So far so good!!', 10, 1)
INSERT INTO [dbo].[Species] ([Id], [GenusId], [SpecificName], [CommonName], [Description], [PropagationTime], [Native]) VALUES (140, 1, N'disparrima                    ', NULL, N'                                                                                                                                                                                                        ', 0, 1)
INSERT INTO [dbo].[Species] ([Id], [GenusId], [SpecificName], [CommonName], [Description], [PropagationTime], [Native]) VALUES (141, 1, N'falcata                       ', N'Sickle-leaved Wattle                              ', N'                                                                                                                                                                                                        ', 0, 1)
INSERT INTO [dbo].[Species] ([Id], [GenusId], [SpecificName], [CommonName], [Description], [PropagationTime], [Native]) VALUES (142, 1, N'fimbriata                     ', N'Brisbane Wattle, Fringed Wattle                   ', N'                                                                                                                                                                                                        ', 0, 1)
INSERT INTO [dbo].[Species] ([Id], [GenusId], [SpecificName], [CommonName], [Description], [PropagationTime], [Native]) VALUES (143, 1, N'implexa                       ', N'Hickory Wattle                                    ', N'                                                                                                                                                                                                        ', NULL, 1)
INSERT INTO [dbo].[Species] ([Id], [GenusId], [SpecificName], [CommonName], [Description], [PropagationTime], [Native]) VALUES (144, 1, N'longifolia                    ', N'                                                  ', N'                                                                                                                                                                                                        ', NULL, 1)
INSERT INTO [dbo].[Species] ([Id], [GenusId], [SpecificName], [CommonName], [Description], [PropagationTime], [Native]) VALUES (145, 1, N'oshanesii', N'                                                  ', N'                                                                                                                                                                                                        ', 14, 1)
INSERT INTO [dbo].[Species] ([Id], [GenusId], [SpecificName], [CommonName], [Description], [PropagationTime], [Native]) VALUES (146, 1, N'podalyrifolia                 ', N'Silver Wattle                                     ', N'                                                                                                                                                                                                        ', NULL, 1)
INSERT INTO [dbo].[Species] ([Id], [GenusId], [SpecificName], [CommonName], [Description], [PropagationTime], [Native]) VALUES (147, 1, N'suaveolens                    ', N'Sweet Wattle                                      ', N'                                                                                                                                                                                                        ', NULL, 1)
INSERT INTO [dbo].[Species] ([Id], [GenusId], [SpecificName], [CommonName], [Description], [PropagationTime], [Native]) VALUES (148, 1, N'ulicifolia                    ', N'Prickly Moses                                     ', N'                                                                                                                                                                                                        ', NULL, 1)
INSERT INTO [dbo].[Species] ([Id], [GenusId], [SpecificName], [CommonName], [Description], [PropagationTime], [Native]) VALUES (306, 1, N'hispidula                     ', N'Hairy Wattle                                      ', NULL, 0, 1)
INSERT INTO [dbo].[Species] ([Id], [GenusId], [SpecificName], [CommonName], [Description], [PropagationTime], [Native]) VALUES (350, 1, N'victoriae', NULL, N'Good for wattle seed flour.                                                                                                                                                                             ', 0, 1)
INSERT INTO [dbo].[Species] ([Id], [GenusId], [SpecificName], [CommonName], [Description], [PropagationTime], [Native]) VALUES (149, 2, N'grandiflora                   ', N'                                                  ', N'                                                                                                                                                                                                        ', NULL, 1)
INSERT INTO [dbo].[Species] ([Id], [GenusId], [SpecificName], [CommonName], [Description], [PropagationTime], [Native]) VALUES (150, 3, N'smithii                       ', N'                                                  ', N'                                                                                                                                                                                                        ', NULL, 1)
INSERT INTO [dbo].[Species] ([Id], [GenusId], [SpecificName], [CommonName], [Description], [PropagationTime], [Native]) VALUES (151, 6, N'littoralis                    ', N'Black She-oak                                     ', N'                                                                                                                                                                                                        ', NULL, 1)
INSERT INTO [dbo].[Species] ([Id], [GenusId], [SpecificName], [CommonName], [Description], [PropagationTime], [Native]) VALUES (152, 6, N'torulosa                      ', N'Forest Oak                                        ', N'                                                                                                                                                                                                        ', NULL, 1)
INSERT INTO [dbo].[Species] ([Id], [GenusId], [SpecificName], [CommonName], [Description], [PropagationTime], [Native]) VALUES (153, 9, N'costata                       ', N'Smooth-barked Apple                               ', N'                                                                                                                                                                                                        ', NULL, 1)
INSERT INTO [dbo].[Species] ([Id], [GenusId], [SpecificName], [CommonName], [Description], [PropagationTime], [Native]) VALUES (154, 9, N'leiocarpa                     ', N'Smooth-barked Apple                               ', N'                                                                                                                                                                                                        ', NULL, 1)
INSERT INTO [dbo].[Species] ([Id], [GenusId], [SpecificName], [CommonName], [Description], [PropagationTime], [Native]) VALUES (155, 12, N'angusta                       ', N'Clarence River Baeckea                            ', N'                                                                                                                                                                                                        ', NULL, 1)
INSERT INTO [dbo].[Species] ([Id], [GenusId], [SpecificName], [CommonName], [Description], [PropagationTime], [Native]) VALUES (156, 13, N'citriadora                    ', N'Lemon Myrtle                                      ', N'                                                                                                                                                                                                        ', NULL, 1)
INSERT INTO [dbo].[Species] ([Id], [GenusId], [SpecificName], [CommonName], [Description], [PropagationTime], [Native]) VALUES (157, 13, N'myrtifolia                    ', N'Grey Myrtle                                       ', N'                                                                                                                                                                                                        ', NULL, 1)
INSERT INTO [dbo].[Species] ([Id], [GenusId], [SpecificName], [CommonName], [Description], [PropagationTime], [Native]) VALUES (158, 14, N'baueri                        ', N'                                                  ', N'                                                                                                                                                                                                        ', NULL, 1)
INSERT INTO [dbo].[Species] ([Id], [GenusId], [SpecificName], [CommonName], [Description], [PropagationTime], [Native]) VALUES (159, 14, N'ericifolia                    ', N'Heath Banksia                                     ', N'                                                                                                                                                                                                        ', NULL, 1)
INSERT INTO [dbo].[Species] ([Id], [GenusId], [SpecificName], [CommonName], [Description], [PropagationTime], [Native]) VALUES (160, 14, N'integrifolia                  ', N'Coastal Banksia                                   ', N'                                                                                                                                                                                                        ', NULL, 1)
INSERT INTO [dbo].[Species] ([Id], [GenusId], [SpecificName], [CommonName], [Description], [PropagationTime], [Native]) VALUES (161, 14, N'serrata                       ', N'Red Honeysuckle                                   ', N'                                                                                                                                                                                                        ', NULL, 1)
INSERT INTO [dbo].[Species] ([Id], [GenusId], [SpecificName], [CommonName], [Description], [PropagationTime], [Native]) VALUES (162, 14, N'spinulosa                     ', N'Hairpin Banksia                                   ', N'                                                                                                                                                                                                        ', NULL, 1)
INSERT INTO [dbo].[Species] ([Id], [GenusId], [SpecificName], [CommonName], [Description], [PropagationTime], [Native]) VALUES (326, 14, N'oblongifolia                  ', N'Dwarf Banksia                                     ', NULL, 0, 1)
INSERT INTO [dbo].[Species] ([Id], [GenusId], [SpecificName], [CommonName], [Description], [PropagationTime], [Native]) VALUES (163, 16, N'celsissima                    ', N'Ivory Curl Tree                                   ', N'                                                                                                                                                                                                        ', NULL, 1)
INSERT INTO [dbo].[Species] ([Id], [GenusId], [SpecificName], [CommonName], [Description], [PropagationTime], [Native]) VALUES (164, 17, N'spinosa                       ', N'Cockspur                                          ', N'                                                                                                                                                                                                        ', 0, 1)
INSERT INTO [dbo].[Species] ([Id], [GenusId], [SpecificName], [CommonName], [Description], [PropagationTime], [Native]) VALUES (165, 19, N'citrinus                      ', N'Crimson Bottlebrush                               ', N'                                                                                                                                                                                                        ', NULL, 1)
INSERT INTO [dbo].[Species] ([Id], [GenusId], [SpecificName], [CommonName], [Description], [PropagationTime], [Native]) VALUES (166, 19, N'''Injune Pink''                 ', N'                                                  ', N'                                                                                                                                                                                                        ', NULL, 1)
INSERT INTO [dbo].[Species] ([Id], [GenusId], [SpecificName], [CommonName], [Description], [PropagationTime], [Native]) VALUES (167, 19, N'phoeniceas                    ', N'                                                  ', N'                                                                                                                                                                                                        ', NULL, 1)
INSERT INTO [dbo].[Species] ([Id], [GenusId], [SpecificName], [CommonName], [Description], [PropagationTime], [Native]) VALUES (168, 19, N'polandii                      ', N'                                                  ', N'                                                                                                                                                                                                        ', NULL, 1)
INSERT INTO [dbo].[Species] ([Id], [GenusId], [SpecificName], [CommonName], [Description], [PropagationTime], [Native]) VALUES (169, 19, N'sp.                           ', N'                                                  ', N'                                                                                                                                                                                                        ', NULL, 1)
INSERT INTO [dbo].[Species] ([Id], [GenusId], [SpecificName], [CommonName], [Description], [PropagationTime], [Native]) VALUES (170, 19, N'viminalis                     ', N'Weeping Bottlebrush                               ', N'                                                                                                                                                                                                        ', NULL, 1)
INSERT INTO [dbo].[Species] ([Id], [GenusId], [SpecificName], [CommonName], [Description], [PropagationTime], [Native]) VALUES (171, 19, N'viminalis ''Captain Cook''      ', N'Weeping Bottlebrush                               ', N'                                                                                                                                                                                                        ', NULL, 1)
INSERT INTO [dbo].[Species] ([Id], [GenusId], [SpecificName], [CommonName], [Description], [PropagationTime], [Native]) VALUES (119, 19, N'viminalis ''Pink Alma''         ', N'Weeping Bottlebrush                               ', N'                                                                                                                                                                                                        ', NULL, 1)
INSERT INTO [dbo].[Species] ([Id], [GenusId], [SpecificName], [CommonName], [Description], [PropagationTime], [Native]) VALUES (173, 19, N'viminalis ''Rose Opal''         ', N'Weeping Bottlebrush                               ', N'                                                                                                                                                                                                        ', NULL, 1)
INSERT INTO [dbo].[Species] ([Id], [GenusId], [SpecificName], [CommonName], [Description], [PropagationTime], [Native]) VALUES (174, 20, N'appressa                      ', N'Tall Sedge                                        ', N'                                                                                                                                                                                                        ', NULL, 1)
INSERT INTO [dbo].[Species] ([Id], [GenusId], [SpecificName], [CommonName], [Description], [PropagationTime], [Native]) VALUES (175, 22, N'apiculatum                    ', N'Yellow Buttons                                    ', N'                                                                                                                                                                                                        ', NULL, 1)
INSERT INTO [dbo].[Species] ([Id], [GenusId], [SpecificName], [CommonName], [Description], [PropagationTime], [Native]) VALUES (176, 23, N'citriodora                    ', N'Lemon-scented Gum                                 ', N'                                                                                                                                                                                                        ', NULL, 1)
INSERT INTO [dbo].[Species] ([Id], [GenusId], [SpecificName], [CommonName], [Description], [PropagationTime], [Native]) VALUES (177, 23, N'ficifolia                     ', N'Red Flowering Gum                                 ', N'                                                                                                                                                                                                        ', NULL, 1)
INSERT INTO [dbo].[Species] ([Id], [GenusId], [SpecificName], [CommonName], [Description], [PropagationTime], [Native]) VALUES (178, 23, N'gummifera                     ', N'Red Bloodwood                                     ', N'                                                                                                                                                                                                        ', NULL, 1)
INSERT INTO [dbo].[Species] ([Id], [GenusId], [SpecificName], [CommonName], [Description], [PropagationTime], [Native]) VALUES (179, 23, N'nesophila                     ', N'                                                  ', N'                                                                                                                                                                                                        ', NULL, 1)
INSERT INTO [dbo].[Species] ([Id], [GenusId], [SpecificName], [CommonName], [Description], [PropagationTime], [Native]) VALUES (180, 23, N'ptychocarpa                   ', N'Spring Bloodwood                                  ', N'                                                                                                                                                                                                        ', 0, 1)
INSERT INTO [dbo].[Species] ([Id], [GenusId], [SpecificName], [CommonName], [Description], [PropagationTime], [Native]) VALUES (329, 23, N'intermedia                    ', N'Pink Bloodwood                                    ', NULL, 0, 1)
INSERT INTO [dbo].[Species] ([Id], [GenusId], [SpecificName], [CommonName], [Description], [PropagationTime], [Native]) VALUES (181, 25, N'anarcardioides                ', N'Tuckeroo                                          ', N'                                                                                                                                                                                                        ', NULL, 1)
INSERT INTO [dbo].[Species] ([Id], [GenusId], [SpecificName], [CommonName], [Description], [PropagationTime], [Native]) VALUES (182, 26, N'cooperi                       ', N'Scaly Treefern                                    ', N'                                                                                                                                                                                                        ', NULL, 1)
INSERT INTO [dbo].[Species] ([Id], [GenusId], [SpecificName], [CommonName], [Description], [PropagationTime], [Native]) VALUES (183, 28, N'umbellulata                   ', N'                                                  ', N'                                                                                                                                                                                                        ', NULL, 1)
INSERT INTO [dbo].[Species] ([Id], [GenusId], [SpecificName], [CommonName], [Description], [PropagationTime], [Native]) VALUES (184, 28, N'wyattiana                     ', N'                                                  ', N'                                                                                                                                                                                                        ', NULL, 1)
INSERT INTO [dbo].[Species] ([Id], [GenusId], [SpecificName], [CommonName], [Description], [PropagationTime], [Native]) VALUES (185, 29, N'caerulea                      ', N'Blue Flax-Lily                                    ', N'                                                                                                                                                                                                        ', NULL, 1)
INSERT INTO [dbo].[Species] ([Id], [GenusId], [SpecificName], [CommonName], [Description], [PropagationTime], [Native]) VALUES (186, 29, N'congesta                      ', N'                                                  ', N'                                                                                                                                                                                                        ', NULL, 1)
INSERT INTO [dbo].[Species] ([Id], [GenusId], [SpecificName], [CommonName], [Description], [PropagationTime], [Native]) VALUES (187, 29, N'longifolia                    ', N'                                                  ', N'                                                                                                                                                                                                        ', NULL, 1)
INSERT INTO [dbo].[Species] ([Id], [GenusId], [SpecificName], [CommonName], [Description], [PropagationTime], [Native]) VALUES (282, 29, N'tasmanica                     ', N'                                                  ', N'                                                                                                                                                                                                        ', 0, 1)
INSERT INTO [dbo].[Species] ([Id], [GenusId], [SpecificName], [CommonName], [Description], [PropagationTime], [Native]) VALUES (188, 32, N'triangularis                  ', N'Small-leaved Hop                                  ', N'                                                                                                                                                                                                        ', NULL, 1)
INSERT INTO [dbo].[Species] ([Id], [GenusId], [SpecificName], [CommonName], [Description], [PropagationTime], [Native]) VALUES (189, 32, N'triquetra                     ', N'Forest Hop Bush                                   ', N'                                                                                                                                                                                                        ', NULL, 1)
INSERT INTO [dbo].[Species] ([Id], [GenusId], [SpecificName], [CommonName], [Description], [PropagationTime], [Native]) VALUES (190, 33, N'grandis                       ', N'Blue Quandong                                     ', N'                                                                                                                                                                                                        ', NULL, 1)
INSERT INTO [dbo].[Species] ([Id], [GenusId], [SpecificName], [CommonName], [Description], [PropagationTime], [Native]) VALUES (191, 33, N'reticulatis                   ', N'Blueberry Ash                                     ', N'                                                                                                                                                                                                        ', NULL, 1)
INSERT INTO [dbo].[Species] ([Id], [GenusId], [SpecificName], [CommonName], [Description], [PropagationTime], [Native]) VALUES (192, 34, N'pubens                        ', N'Hairy Walnut                                      ', N'                                                                                                                                                                                                        ', NULL, 1)
INSERT INTO [dbo].[Species] ([Id], [GenusId], [SpecificName], [CommonName], [Description], [PropagationTime], [Native]) VALUES (193, 35, N'stricta                       ', N'Wiry Panic                                        ', N'                                                                                                                                                                                                        ', NULL, 1)
INSERT INTO [dbo].[Species] ([Id], [GenusId], [SpecificName], [CommonName], [Description], [PropagationTime], [Native]) VALUES (194, 37, N'camaldulensis                 ', N'Red Gum                                           ', N'                                                                                                                                                                                                        ', NULL, 1)
INSERT INTO [dbo].[Species] ([Id], [GenusId], [SpecificName], [CommonName], [Description], [PropagationTime], [Native]) VALUES (195, 37, N'carnea                        ', N'Thick-leaved Mahogany                             ', N'                                                                                                                                                                                                        ', NULL, 1)
INSERT INTO [dbo].[Species] ([Id], [GenusId], [SpecificName], [CommonName], [Description], [PropagationTime], [Native]) VALUES (196, 37, N'cinerea ssp cinerea           ', N'Argyle Apple                                      ', N'                                                                                                                                                                                                        ', NULL, 1)
INSERT INTO [dbo].[Species] ([Id], [GenusId], [SpecificName], [CommonName], [Description], [PropagationTime], [Native]) VALUES (197, 37, N'curtisii                      ', N'Plunkett Mallee                                   ', N'                                                                                                                                                                                                        ', NULL, 1)
INSERT INTO [dbo].[Species] ([Id], [GenusId], [SpecificName], [CommonName], [Description], [PropagationTime], [Native]) VALUES (198, 37, N'grandis                       ', N'Flooded Gum                                       ', N'                                                                                                                                                                                                        ', NULL, 1)
INSERT INTO [dbo].[Species] ([Id], [GenusId], [SpecificName], [CommonName], [Description], [PropagationTime], [Native]) VALUES (199, 37, N'major                         ', N'Queensland Grey Gum                               ', N'                                                                                                                                                                                                        ', NULL, 1)
INSERT INTO [dbo].[Species] ([Id], [GenusId], [SpecificName], [CommonName], [Description], [PropagationTime], [Native]) VALUES (200, 37, N'melliodora                    ', N'Yellow Box                                        ', N'                                                                                                                                                                                                        ', NULL, 1)
INSERT INTO [dbo].[Species] ([Id], [GenusId], [SpecificName], [CommonName], [Description], [PropagationTime], [Native]) VALUES (201, 37, N'moluccana                     ', N'Gum-topped Box, Grey Box                          ', N'                                                                                                                                                                                                        ', NULL, 1)
INSERT INTO [dbo].[Species] ([Id], [GenusId], [SpecificName], [CommonName], [Description], [PropagationTime], [Native]) VALUES (202, 37, N'pilularis                     ', N'Blackbutt                                         ', N'                                                                                                                                                                                                        ', NULL, 1)
INSERT INTO [dbo].[Species] ([Id], [GenusId], [SpecificName], [CommonName], [Description], [PropagationTime], [Native]) VALUES (203, 37, N'saligna                       ', N'Sydney Blue Gum                                   ', N'                                                                                                                                                                                                        ', NULL, 1)
INSERT INTO [dbo].[Species] ([Id], [GenusId], [SpecificName], [CommonName], [Description], [PropagationTime], [Native]) VALUES (204, 37, N'siderophloia                  ', N'Grey Ironbark                                     ', N'                                                                                                                                                                                                        ', NULL, 1)
INSERT INTO [dbo].[Species] ([Id], [GenusId], [SpecificName], [CommonName], [Description], [PropagationTime], [Native]) VALUES (205, 37, N'sideroxylon                   ', N'Mugga Ironbark                                    ', N'                                                                                                                                                                                                        ', NULL, 1)
INSERT INTO [dbo].[Species] ([Id], [GenusId], [SpecificName], [CommonName], [Description], [PropagationTime], [Native]) VALUES (206, 37, N'tereticornis                  ', N'Blue Gum, Forest Red Gum                          ', N'                                                                                                                                                                                                        ', NULL, 1)
INSERT INTO [dbo].[Species] ([Id], [GenusId], [SpecificName], [CommonName], [Description], [PropagationTime], [Native]) VALUES (207, 37, N'tetraptera                    ', N'                                                  ', N'                                                                                                                                                                                                        ', NULL, 1)
INSERT INTO [dbo].[Species] ([Id], [GenusId], [SpecificName], [CommonName], [Description], [PropagationTime], [Native]) VALUES (330, 37, N'baileyana                     ', N'Bailey''s stringybark                              ', NULL, 0, 1)
INSERT INTO [dbo].[Species] ([Id], [GenusId], [SpecificName], [CommonName], [Description], [PropagationTime], [Native]) VALUES (322, 37, N'planchoniana                  ', N'Bastard Tallow-wood                               ', NULL, 0, 1)
INSERT INTO [dbo].[Species] ([Id], [GenusId], [SpecificName], [CommonName], [Description], [PropagationTime], [Native]) VALUES (208, 39, N'latifolius                    ', N'Wombat Berry                                      ', N'                                                                                                                                                                                                        ', NULL, 1)
INSERT INTO [dbo].[Species] ([Id], [GenusId], [SpecificName], [CommonName], [Description], [PropagationTime], [Native]) VALUES (209, 40, N'cupressiformis                ', N'Native Cherry                                     ', N'                                                                                                                                                                                                        ', NULL, 1)
INSERT INTO [dbo].[Species] ([Id], [GenusId], [SpecificName], [CommonName], [Description], [PropagationTime], [Native]) VALUES (210, 41, N'microcarpa                    ', N'Small-fruited Fig                                 ', N'                                                                                                                                                                                                        ', NULL, 1)
INSERT INTO [dbo].[Species] ([Id], [GenusId], [SpecificName], [CommonName], [Description], [PropagationTime], [Native]) VALUES (211, 41, N'obliqua                       ', N'Small-leaved Fig                                  ', N'                                                                                                                                                                                                        ', NULL, 1)
INSERT INTO [dbo].[Species] ([Id], [GenusId], [SpecificName], [CommonName], [Description], [PropagationTime], [Native]) VALUES (212, 41, N'superba                       ', N'Deciduous Fig                                     ', N'                                                                                                                                                                                                        ', NULL, 1)
INSERT INTO [dbo].[Species] ([Id], [GenusId], [SpecificName], [CommonName], [Description], [PropagationTime], [Native]) VALUES (213, 42, N'aspera                        ', N'Saw Sedge                                         ', N'                                                                                                                                                                                                        ', NULL, 1)
INSERT INTO [dbo].[Species] ([Id], [GenusId], [SpecificName], [CommonName], [Description], [PropagationTime], [Native]) VALUES (214, 43, N'cymosum                       ', N'Scrambling Lily                                   ', N'                                                                                                                                                                                                        ', NULL, 1)
INSERT INTO [dbo].[Species] ([Id], [GenusId], [SpecificName], [CommonName], [Description], [PropagationTime], [Native]) VALUES (215, 44, N'ferdinandi                    ', N'Cheese Tree                                       ', N'                                                                                                                                                                                                        ', NULL, 1)
INSERT INTO [dbo].[Species] ([Id], [GenusId], [SpecificName], [CommonName], [Description], [PropagationTime], [Native]) VALUES (216, 45, N'virgatum                      ', N'Small Wedge Pea                                   ', N'                                                                                                                                                                                                        ', NULL, 1)
INSERT INTO [dbo].[Species] ([Id], [GenusId], [SpecificName], [CommonName], [Description], [PropagationTime], [Native]) VALUES (217, 46, N'banksii                       ', N'Banks'' Grevillea                                  ', N'Tall shrub or small tree. 3-4m Showy red flowers.                                                                                                                                                       ', 0, 1)
INSERT INTO [dbo].[Species] ([Id], [GenusId], [SpecificName], [CommonName], [Description], [PropagationTime], [Native]) VALUES (218, 46, N'''Canberra Gem''                ', N'                                                  ', N'                                                                                                                                                                                                        ', NULL, 1)
INSERT INTO [dbo].[Species] ([Id], [GenusId], [SpecificName], [CommonName], [Description], [PropagationTime], [Native]) VALUES (219, 46, N'''Coastal Dawn''                ', N'                                                  ', N'                                                                                                                                                                                                        ', NULL, 1)
INSERT INTO [dbo].[Species] ([Id], [GenusId], [SpecificName], [CommonName], [Description], [PropagationTime], [Native]) VALUES (220, 46, N'lanigera ''Mt Tamboritha''      ', N'Woolly Grevillea                                  ', N'                                                                                                                                                                                                        ', NULL, 1)
INSERT INTO [dbo].[Species] ([Id], [GenusId], [SpecificName], [CommonName], [Description], [PropagationTime], [Native]) VALUES (221, 46, N'''Orange Marmalade''            ', N'                                                  ', N'                                                                                                                                                                                                        ', NULL, 1)
INSERT INTO [dbo].[Species] ([Id], [GenusId], [SpecificName], [CommonName], [Description], [PropagationTime], [Native]) VALUES (222, 46, N'sp. (G. banksii x G robusta?) ', N'                                                  ', N'                                                                                                                                                                                                        ', NULL, 1)
INSERT INTO [dbo].[Species] ([Id], [GenusId], [SpecificName], [CommonName], [Description], [PropagationTime], [Native]) VALUES (223, 46, N'''Yamba Sunshine''              ', N'                                                  ', N'                                                                                                                                                                                                        ', NULL, 1)
INSERT INTO [dbo].[Species] ([Id], [GenusId], [SpecificName], [CommonName], [Description], [PropagationTime], [Native]) VALUES (224, 47, N'acutifolia                    ', N'Northern Guioa                                    ', N'                                                                                                                                                                                                        ', NULL, 1)
INSERT INTO [dbo].[Species] ([Id], [GenusId], [SpecificName], [CommonName], [Description], [PropagationTime], [Native]) VALUES (225, 48, N'laurina                       ', N'Pincushion Hakea                                  ', N'                                                                                                                                                                                                        ', NULL, 1)
INSERT INTO [dbo].[Species] ([Id], [GenusId], [SpecificName], [CommonName], [Description], [PropagationTime], [Native]) VALUES (226, 48, N'plurinervia                   ', N'                                                  ', N'                                                                                                                                                                                                        ', NULL, 1)
INSERT INTO [dbo].[Species] ([Id], [GenusId], [SpecificName], [CommonName], [Description], [PropagationTime], [Native]) VALUES (227, 48, N'salicifolia                   ', N'                                                  ', N'                                                                                                                                                                                                        ', NULL, 1)
INSERT INTO [dbo].[Species] ([Id], [GenusId], [SpecificName], [CommonName], [Description], [PropagationTime], [Native]) VALUES (324, 48, N'actites                       ', N'Wallum hakea                                      ', NULL, 0, 1)
INSERT INTO [dbo].[Species] ([Id], [GenusId], [SpecificName], [CommonName], [Description], [PropagationTime], [Native]) VALUES (228, 49, N'violacea                      ', N'Native Sarsaparilla                               ', N'                                                                                                                                                                                                        ', NULL, 1)
INSERT INTO [dbo].[Species] ([Id], [GenusId], [SpecificName], [CommonName], [Description], [PropagationTime], [Native]) VALUES (229, 50, N'alata                         ', N'Wing-leaved Tulip                                 ', N'                                                                                                                                                                                                        ', NULL, 1)
INSERT INTO [dbo].[Species] ([Id], [GenusId], [SpecificName], [CommonName], [Description], [PropagationTime], [Native]) VALUES (230, 50, N'pendula                       ', N'Tulipwood                                         ', N'                                                                                                                                                                                                        ', NULL, 1)
INSERT INTO [dbo].[Species] ([Id], [GenusId], [SpecificName], [CommonName], [Description], [PropagationTime], [Native]) VALUES (231, 52, N'acutifolia                    ', N'Purple Pea Bush                                   ', N'                                                                                                                                                                                                        ', NULL, 1)
INSERT INTO [dbo].[Species] ([Id], [GenusId], [SpecificName], [CommonName], [Description], [PropagationTime], [Native]) VALUES (232, 52, N'linearis                      ', N'                                                  ', N'                                                                                                                                                                                                        ', NULL, 1)
INSERT INTO [dbo].[Species] ([Id], [GenusId], [SpecificName], [CommonName], [Description], [PropagationTime], [Native]) VALUES (233, 53, N'laterale                      ', N'Variable Sword Sedge                              ', N'                                                                                                                                                                                                        ', NULL, 1)
INSERT INTO [dbo].[Species] ([Id], [GenusId], [SpecificName], [CommonName], [Description], [PropagationTime], [Native]) VALUES (234, 54, N'continentale                  ', N'                                                  ', N'                                                                                                                                                                                                        ', NULL, 1)
INSERT INTO [dbo].[Species] ([Id], [GenusId], [SpecificName], [CommonName], [Description], [PropagationTime], [Native]) VALUES (235, 54, N'juniperinum                   ', N'                                                  ', N'                                                                                                                                                                                                        ', NULL, 1)
INSERT INTO [dbo].[Species] ([Id], [GenusId], [SpecificName], [CommonName], [Description], [PropagationTime], [Native]) VALUES (236, 54, N'laevigatum                    ', N'                                                  ', N'                                                                                                                                                                                                        ', NULL, 1)
INSERT INTO [dbo].[Species] ([Id], [GenusId], [SpecificName], [CommonName], [Description], [PropagationTime], [Native]) VALUES (237, 54, N'''Cardwell Pink''               ', N'                                                  ', N'                                                                                                                                                                                                        ', NULL, 1)
INSERT INTO [dbo].[Species] ([Id], [GenusId], [SpecificName], [CommonName], [Description], [PropagationTime], [Native]) VALUES (238, 54, N'''Lemon Frost''                 ', N'                                                  ', N'                                                                                                                                                                                                        ', NULL, 1)
INSERT INTO [dbo].[Species] ([Id], [GenusId], [SpecificName], [CommonName], [Description], [PropagationTime], [Native]) VALUES (239, 54, N'petersonii                    ', N'Lemon-scented Tea Tree                            ', N'                                                                                                                                                                                                        ', NULL, 1)
INSERT INTO [dbo].[Species] ([Id], [GenusId], [SpecificName], [CommonName], [Description], [PropagationTime], [Native]) VALUES (240, 54, N'''White Wave''                  ', N'                                                  ', N'                                                                                                                                                                                                        ', NULL, 1)
INSERT INTO [dbo].[Species] ([Id], [GenusId], [SpecificName], [CommonName], [Description], [PropagationTime], [Native]) VALUES (327, 54, N'liversidgei                   ', N'Swamp May                                         ', NULL, 0, 1)
INSERT INTO [dbo].[Species] ([Id], [GenusId], [SpecificName], [CommonName], [Description], [PropagationTime], [Native]) VALUES (241, 55, N'confertifolia ''Keira''         ', N'                                                  ', N'                                                                                                                                                                                                        ', NULL, 1)
INSERT INTO [dbo].[Species] ([Id], [GenusId], [SpecificName], [CommonName], [Description], [PropagationTime], [Native]) VALUES (242, 55, N'longifolia                    ', N'Mat Rush                                          ', N'                                                                                                                                                                                                        ', NULL, 1)
INSERT INTO [dbo].[Species] ([Id], [GenusId], [SpecificName], [CommonName], [Description], [PropagationTime], [Native]) VALUES (243, 56, N'confertus                     ', N'Brush Box, Brisbane Box                           ', N'                                                                                                                                                                                                        ', NULL, 1)
INSERT INTO [dbo].[Species] ([Id], [GenusId], [SpecificName], [CommonName], [Description], [PropagationTime], [Native]) VALUES (244, 57, N'integrifolia                  ', N'Macadamia Nut                                     ', N'                                                                                                                                                                                                        ', NULL, 1)
INSERT INTO [dbo].[Species] ([Id], [GenusId], [SpecificName], [CommonName], [Description], [PropagationTime], [Native]) VALUES (245, 57, N'ternifolia                    ', N'Gympie Nut                                        ', N'                                                                                                                                                                                                        ', NULL, 1)
INSERT INTO [dbo].[Species] ([Id], [GenusId], [SpecificName], [CommonName], [Description], [PropagationTime], [Native]) VALUES (246, 58, N'sp.                           ', N'                                                  ', N'                                                                                                                                                                                                        ', NULL, 1)
INSERT INTO [dbo].[Species] ([Id], [GenusId], [SpecificName], [CommonName], [Description], [PropagationTime], [Native]) VALUES (247, 59, N'armillaris                    ', N'Bracelet Honey Myrtle                             ', N'                                                                                                                                                                                                        ', NULL, 1)
INSERT INTO [dbo].[Species] ([Id], [GenusId], [SpecificName], [CommonName], [Description], [PropagationTime], [Native]) VALUES (248, 59, N'decora                        ', N'                                                  ', N'                                                                                                                                                                                                        ', NULL, 1)
INSERT INTO [dbo].[Species] ([Id], [GenusId], [SpecificName], [CommonName], [Description], [PropagationTime], [Native]) VALUES (249, 59, N'hypericifolia                 ', N'Hillock Bush                                      ', N'                                                                                                                                                                                                        ', NULL, 1)
INSERT INTO [dbo].[Species] ([Id], [GenusId], [SpecificName], [CommonName], [Description], [PropagationTime], [Native]) VALUES (250, 59, N'irbyana ''Flossie''             ', N'                                                  ', N'                                                                                                                                                                                                        ', NULL, 1)
INSERT INTO [dbo].[Species] ([Id], [GenusId], [SpecificName], [CommonName], [Description], [PropagationTime], [Native]) VALUES (251, 59, N'nesophila                     ', N'                                                  ', N'                                                                                                                                                                                                        ', NULL, 1)
INSERT INTO [dbo].[Species] ([Id], [GenusId], [SpecificName], [CommonName], [Description], [PropagationTime], [Native]) VALUES (252, 59, N'quinquenervia                 ', N'Broad-leaved Paperbark                            ', N'                                                                                                                                                                                                        ', NULL, 1)
INSERT INTO [dbo].[Species] ([Id], [GenusId], [SpecificName], [CommonName], [Description], [PropagationTime], [Native]) VALUES (253, 59, N'saligna                       ', N'Willow Bottlebrush                                ', N'                                                                                                                                                                                                        ', NULL, 1)
INSERT INTO [dbo].[Species] ([Id], [GenusId], [SpecificName], [CommonName], [Description], [PropagationTime], [Native]) VALUES (254, 59, N'thymifolia (white)            ', N'                                                  ', N'                                                                                                                                                                                                        ', NULL, 1)
INSERT INTO [dbo].[Species] ([Id], [GenusId], [SpecificName], [CommonName], [Description], [PropagationTime], [Native]) VALUES (255, 59, N'thymifolia (purple)           ', N'                                                  ', N'                                                                                                                                                                                                        ', NULL, 1)
INSERT INTO [dbo].[Species] ([Id], [GenusId], [SpecificName], [CommonName], [Description], [PropagationTime], [Native]) VALUES (328, 59, N'sieberi                       ', N'Small-leaved Paperbark                            ', NULL, 0, 1)
INSERT INTO [dbo].[Species] ([Id], [GenusId], [SpecificName], [CommonName], [Description], [PropagationTime], [Native]) VALUES (256, 60, N'excelsa                       ', N'Pohutukawa,NZ Christmas Bush                      ', N'                                                                                                                                                                                                        ', NULL, 0)
INSERT INTO [dbo].[Species] ([Id], [GenusId], [SpecificName], [CommonName], [Description], [PropagationTime], [Native]) VALUES (257, 61, N'australiensis                 ', N'Grey Bolly Gum                                    ', N'                                                                                                                                                                                                        ', NULL, 1)
INSERT INTO [dbo].[Species] ([Id], [GenusId], [SpecificName], [CommonName], [Description], [PropagationTime], [Native]) VALUES (301, 61, N'dealbata                      ', N'White Bolly Gum                                   ', NULL, 0, 1)
INSERT INTO [dbo].[Species] ([Id], [GenusId], [SpecificName], [CommonName], [Description], [PropagationTime], [Native]) VALUES (283, 63, N'pubescens                     ', N'Quinine Bush                                      ', N'                                                                                                                                                                                                        ', 0, 1)
INSERT INTO [dbo].[Species] ([Id], [GenusId], [SpecificName], [CommonName], [Description], [PropagationTime], [Native]) VALUES (258, 63, N'triloculare                   ', N'Quinine Bush                                      ', N'                                                                                                                                                                                                        ', NULL, 1)
INSERT INTO [dbo].[Species] ([Id], [GenusId], [SpecificName], [CommonName], [Description], [PropagationTime], [Native]) VALUES (259, 67, N'labillardieri                 ', N'Tussock Grass                                     ', N'                                                                                                                                                                                                        ', NULL, 1)
INSERT INTO [dbo].[Species] ([Id], [GenusId], [SpecificName], [CommonName], [Description], [PropagationTime], [Native]) VALUES (260, 68, N'aciculiferum                  ', N'Needle Shaggy Pea                                 ', N'Low growing spiky shrub with pea flowers                                                                                                                                                                ', 0, 1)
INSERT INTO [dbo].[Species] ([Id], [GenusId], [SpecificName], [CommonName], [Description], [PropagationTime], [Native]) VALUES (261, 68, N'scandens                      ', N'Netted Shaggy Pea                                 ', N'                                                                                                                                                                                                        ', NULL, 1)
INSERT INTO [dbo].[Species] ([Id], [GenusId], [SpecificName], [CommonName], [Description], [PropagationTime], [Native]) VALUES (262, 69, N'umbellata                     ', N'Pomax                                             ', N'                                                                                                                                                                                                        ', NULL, 1)
INSERT INTO [dbo].[Species] ([Id], [GenusId], [SpecificName], [CommonName], [Description], [PropagationTime], [Native]) VALUES (263, 71, N'euchila                       ', N'                                                  ', N'                                                                                                                                                                                                        ', NULL, 1)
INSERT INTO [dbo].[Species] ([Id], [GenusId], [SpecificName], [CommonName], [Description], [PropagationTime], [Native]) VALUES (264, 71, N'villosa                       ', N'Bacon and Eggs                                    ', N'                                                                                                                                                                                                        ', NULL, 1)
INSERT INTO [dbo].[Species] ([Id], [GenusId], [SpecificName], [CommonName], [Description], [PropagationTime], [Native]) VALUES (265, 70, N'ovalifolia                    ', N'Mint Bush                                         ', N'                                                                                                                                                                                                        ', NULL, 1)
INSERT INTO [dbo].[Species] ([Id], [GenusId], [SpecificName], [CommonName], [Description], [PropagationTime], [Native]) VALUES (266, 73, N'calendulacea                  ', N'Fan Flower, Beach Scaevola                        ', N'                                                                                                                                                                                                        ', NULL, 1)
INSERT INTO [dbo].[Species] ([Id], [GenusId], [SpecificName], [CommonName], [Description], [PropagationTime], [Native]) VALUES (267, 76, N'australis                     ', N'Barbed-wire Vine                                  ', N'                                                                                                                                                                                                        ', NULL, 1)
INSERT INTO [dbo].[Species] ([Id], [GenusId], [SpecificName], [CommonName], [Description], [PropagationTime], [Native]) VALUES (268, 77, N'leiocladum                    ', N'Wild Sorghum                                      ', N'                                                                                                                                                                                                        ', NULL, 1)
INSERT INTO [dbo].[Species] ([Id], [GenusId], [SpecificName], [CommonName], [Description], [PropagationTime], [Native]) VALUES (269, 78, N'quadrifida                    ', N'Peanut Tree                                       ', N'                                                                                                                                                                                                        ', NULL, 1)
INSERT INTO [dbo].[Species] ([Id], [GenusId], [SpecificName], [CommonName], [Description], [PropagationTime], [Native]) VALUES (270, 79, N'glomulifera                   ', N'Turpentine                                        ', N'                                                                                                                                                                                                        ', NULL, 1)
INSERT INTO [dbo].[Species] ([Id], [GenusId], [SpecificName], [CommonName], [Description], [PropagationTime], [Native]) VALUES (271, 80, N'glandulosum                   ', N'Scentless Rosewood                                ', N'                                                                                                                                                                                                        ', NULL, 1)
INSERT INTO [dbo].[Species] ([Id], [GenusId], [SpecificName], [CommonName], [Description], [PropagationTime], [Native]) VALUES (272, 81, N'crebrinerve                   ', N'Purple Cherry                                     ', N'                                                                                                                                                                                                        ', NULL, 1)
INSERT INTO [dbo].[Species] ([Id], [GenusId], [SpecificName], [CommonName], [Description], [PropagationTime], [Native]) VALUES (273, 81, N'luehmannii                    ', N'Riberry, Small-leaved Lillipilli                  ', N'                                                                                                                                                                                                        ', NULL, 1)
INSERT INTO [dbo].[Species] ([Id], [GenusId], [SpecificName], [CommonName], [Description], [PropagationTime], [Native]) VALUES (303, 81, N'alatoramulum                  ', N'Tinkling satinash                                 ', NULL, 0, 1)
INSERT INTO [dbo].[Species] ([Id], [GenusId], [SpecificName], [CommonName], [Description], [PropagationTime], [Native]) VALUES (274, 82, N'triandra                      ', N'Kangaroo Grass                                    ', N'                                                                                                                                                                                                        ', NULL, 1)
INSERT INTO [dbo].[Species] ([Id], [GenusId], [SpecificName], [CommonName], [Description], [PropagationTime], [Native]) VALUES (275, 83, N'saxicola ''F.C.Payne''          ', N'Rock Thryptomene                                  ', N'                                                                                                                                                                                                        ', NULL, 1)
INSERT INTO [dbo].[Species] ([Id], [GenusId], [SpecificName], [CommonName], [Description], [PropagationTime], [Native]) VALUES (276, 85, N'eremicola                     ', N'                                                  ', N'                                                                                                                                                                                                        ', NULL, 1)
INSERT INTO [dbo].[Species] ([Id], [GenusId], [SpecificName], [CommonName], [Description], [PropagationTime], [Native]) VALUES (277, 85, N'fruticosa                     ', N'Coastal Rosemary                                  ', N'                                                                                                                                                                                                        ', NULL, 1)
INSERT INTO [dbo].[Species] ([Id], [GenusId], [SpecificName], [CommonName], [Description], [PropagationTime], [Native]) VALUES (278, 86, N'indica                        ', N'Tie Bush, Bootlace Bush                           ', N'                                                                                                                                                                                                        ', NULL, 1)
INSERT INTO [dbo].[Species] ([Id], [GenusId], [SpecificName], [CommonName], [Description], [PropagationTime], [Native]) VALUES (279, 87, N'johnsoni                      ', N'Grass Tree, Blackboy                              ', N'                                                                                                                                                                                                        ', NULL, 1)
INSERT INTO [dbo].[Species] ([Id], [GenusId], [SpecificName], [CommonName], [Description], [PropagationTime], [Native]) VALUES (280, 88, N'chrysanthus                   ', N'Golden Penda                                      ', N'                                                                                                                                                                                                        ', NULL, 1)
INSERT INTO [dbo].[Species] ([Id], [GenusId], [SpecificName], [CommonName], [Description], [PropagationTime], [Native]) VALUES (284, 84, N'lignum-vitae                  ', N'Satinwood                                         ', N'                                                                                                                                                                                                        ', 0, 1)
INSERT INTO [dbo].[Species] ([Id], [GenusId], [SpecificName], [CommonName], [Description], [PropagationTime], [Native]) VALUES (286, 24, N'obovata                       ', N'Pepperberry                                       ', N'                                                                                                                                                                                                        ', 0, 1)
INSERT INTO [dbo].[Species] ([Id], [GenusId], [SpecificName], [CommonName], [Description], [PropagationTime], [Native]) VALUES (290, 31, N'campbellii                    ', N'Small-leaved Tamarind                             ', N'                                                                                                                                                                                                        ', 0, 1)
INSERT INTO [dbo].[Species] ([Id], [GenusId], [SpecificName], [CommonName], [Description], [PropagationTime], [Native]) VALUES (291, 75, N'woollsii                      ', NULL, NULL, 0, 1)
INSERT INTO [dbo].[Species] ([Id], [GenusId], [SpecificName], [CommonName], [Description], [PropagationTime], [Native]) VALUES (292, 75, N'australis                     ', N'Maidens Blush                                     ', NULL, 0, 1)
INSERT INTO [dbo].[Species] ([Id], [GenusId], [SpecificName], [CommonName], [Description], [PropagationTime], [Native]) VALUES (293, 5, N'moluccana                     ', N'Candlenut                                         ', NULL, 0, 1)
INSERT INTO [dbo].[Species] ([Id], [GenusId], [SpecificName], [CommonName], [Description], [PropagationTime], [Native]) VALUES (294, 7, N'brisbanensis                  ', N'Cunjevoi                                          ', NULL, 0, 1)
INSERT INTO [dbo].[Species] ([Id], [GenusId], [SpecificName], [CommonName], [Description], [PropagationTime], [Native]) VALUES (295, 64, N'clerodendron                  ', N'Scented phaleria, Rosy apple, Scented daphne      ', NULL, 0, 1)
INSERT INTO [dbo].[Species] ([Id], [GenusId], [SpecificName], [CommonName], [Description], [PropagationTime], [Native]) VALUES (296, 21, N'cunninghamiana                ', N'River Oak, River She-oak                          ', NULL, 0, 1)
INSERT INTO [dbo].[Species] ([Id], [GenusId], [SpecificName], [CommonName], [Description], [PropagationTime], [Native]) VALUES (297, 11, N'dulcis                        ', N'Midgin Berry                                      ', NULL, 0, 1)
INSERT INTO [dbo].[Species] ([Id], [GenusId], [SpecificName], [CommonName], [Description], [PropagationTime], [Native]) VALUES (298, 38, N'laurina                       ', N'Bolwarra                                          ', NULL, 0, 1)
INSERT INTO [dbo].[Species] ([Id], [GenusId], [SpecificName], [CommonName], [Description], [PropagationTime], [Native]) VALUES (299, 8, N'caerulea                      ', N'Native Ginger, Blue Ginger                        ', NULL, 7, 1)
INSERT INTO [dbo].[Species] ([Id], [GenusId], [SpecificName], [CommonName], [Description], [PropagationTime], [Native]) VALUES (300, 51, N'populifolius                  ', N'Native Bleeding Heart, Native Poplar              ', NULL, 0, 1)
INSERT INTO [dbo].[Species] ([Id], [GenusId], [SpecificName], [CommonName], [Description], [PropagationTime], [Native]) VALUES (302, 15, N'bidwillii                     ', N'Rusty Kurrajong, Little Kurrajong                 ', NULL, 0, 1)
INSERT INTO [dbo].[Species] ([Id], [GenusId], [SpecificName], [CommonName], [Description], [PropagationTime], [Native]) VALUES (304, 10, N'bidwillii                     ', N'Bunya pine                                        ', NULL, 0, 1)
INSERT INTO [dbo].[Species] ([Id], [GenusId], [SpecificName], [CommonName], [Description], [PropagationTime], [Native]) VALUES (305, 30, N'retorta var. retorta          ', N'Heathy Parrot Pea                                 ', NULL, 0, 1)
INSERT INTO [dbo].[Species] ([Id], [GenusId], [SpecificName], [CommonName], [Description], [PropagationTime], [Native]) VALUES (307, 65, N'linifolia                     ', N'Rice flower                                       ', NULL, 0, 1)
INSERT INTO [dbo].[Species] ([Id], [GenusId], [SpecificName], [CommonName], [Description], [PropagationTime], [Native]) VALUES (308, 27, N'refractus                     ', N'Barbed Wire Grass                                 ', NULL, 0, 1)
INSERT INTO [dbo].[Species] ([Id], [GenusId], [SpecificName], [CommonName], [Description], [PropagationTime], [Native]) VALUES (309, 74, N'bifida                        ', N'Forked Comb Fern                                  ', NULL, 0, 1)
INSERT INTO [dbo].[Species] ([Id], [GenusId], [SpecificName], [CommonName], [Description], [PropagationTime], [Native]) VALUES (311, 72, N'vivipara                      ', N'Hitchhiker Elephant Ear                           ', NULL, 0, 1)
INSERT INTO [dbo].[Species] ([Id], [GenusId], [SpecificName], [CommonName], [Description], [PropagationTime], [Native]) VALUES (323, 66, N'revolutum                     ', N'Forest pittosporum                                ', N'Upright shrub to 3m.                                                                                                                                                                                    ', 0, 1)
INSERT INTO [dbo].[Species] ([Id], [GenusId], [SpecificName], [CommonName], [Description], [PropagationTime], [Native]) VALUES (325, 62, N'virgata                       ', N'Wallum Geebung                                    ', NULL, 0, 1)
INSERT INTO [dbo].[Species] ([Id], [GenusId], [SpecificName], [CommonName], [Description], [PropagationTime], [Native]) VALUES (331, 4, N'aggregata                     ', N'Ground Berry (lowland version)                    ', N'Low spiky ground cover in eucalypt forests.                                                                                                                                                             ', 0, 1)
INSERT INTO [dbo].[Species] ([Id], [GenusId], [SpecificName], [CommonName], [Description], [PropagationTime], [Native]) VALUES (351, 18, N'pedunculata', NULL, N'Lantana replacement', 0, 1)
SET IDENTITY_INSERT [dbo].[Species] OFF


SET IDENTITY_INSERT [dbo].[Site] ON
INSERT INTO [dbo].[Site] ([Id], [SiteName], [Suburb], [Latitude], [Longitude]) VALUES (1, N'(Dad)                         ', NULL, NULL, NULL)
INSERT INTO [dbo].[Site] ([Id], [SiteName], [Suburb], [Latitude], [Longitude]) VALUES (2, N'(Dad) Dromana                 ', NULL, NULL, NULL)
INSERT INTO [dbo].[Site] ([Id], [SiteName], [Suburb], [Latitude], [Longitude]) VALUES (3, N'Beerwah SA                    ', N'Beerwah', CAST(-26.86000 AS Decimal(8, 5)), CAST(152.99000 AS Decimal(8, 5)))
INSERT INTO [dbo].[Site] ([Id], [SiteName], [Suburb], [Latitude], [Longitude]) VALUES (4, N'Beverly Hill St', N'Moorooka', CAST(-27.53000 AS Decimal(8, 5)), CAST(153.03000 AS Decimal(8, 5)))
INSERT INTO [dbo].[Site] ([Id], [SiteName], [Suburb], [Latitude], [Longitude]) VALUES (5, N'Brisbane Koala Bushlands      ', NULL, CAST(11.00000 AS Decimal(8, 5)), CAST(11.00000 AS Decimal(8, 5)))
INSERT INTO [dbo].[Site] ([Id], [SiteName], [Suburb], [Latitude], [Longitude]) VALUES (6, N'Bunya Mountains            ', NULL, CAST(1.12346 AS Decimal(8, 5)), CAST(1.12346 AS Decimal(8, 5)))
INSERT INTO [dbo].[Site] ([Id], [SiteName], [Suburb], [Latitude], [Longitude]) VALUES (7, N'Chermside                     ', NULL, NULL, NULL)
INSERT INTO [dbo].[Site] ([Id], [SiteName], [Suburb], [Latitude], [Longitude]) VALUES (8, N'Cnr Woodville & Marjorie Sts, ', N'Moorooka', CAST(0.00000 AS Decimal(8, 5)), CAST(0.00000 AS Decimal(8, 5)))
INSERT INTO [dbo].[Site] ([Id], [SiteName], [Suburb], [Latitude], [Longitude]) VALUES (9, N'CSIRO, Pullenvale             ', N'Pullenvale', CAST(10.00000 AS Decimal(8, 5)), CAST(1.00000 AS Decimal(8, 5)))
INSERT INTO [dbo].[Site] ([Id], [SiteName], [Suburb], [Latitude], [Longitude]) VALUES (10, N'Fairfield                     ', NULL, CAST(-25.00000 AS Decimal(8, 5)), CAST(153.00000 AS Decimal(8, 5)))
INSERT INTO [dbo].[Site] ([Id], [SiteName], [Suburb], [Latitude], [Longitude]) VALUES (11, N'Gap Creek                     ', NULL, NULL, NULL)
INSERT INTO [dbo].[Site] ([Id], [SiteName], [Suburb], [Latitude], [Longitude]) VALUES (12, N'Glendale Grove, Moorooka      ', NULL, NULL, NULL)
INSERT INTO [dbo].[Site] ([Id], [SiteName], [Suburb], [Latitude], [Longitude]) VALUES (13, N'Griffith Uni, Nathan          ', NULL, NULL, NULL)
INSERT INTO [dbo].[Site] ([Id], [SiteName], [Suburb], [Latitude], [Longitude]) VALUES (14, N'Hawks Nest                    ', NULL, NULL, NULL)
INSERT INTO [dbo].[Site] ([Id], [SiteName], [Suburb], [Latitude], [Longitude]) VALUES (15, N'Home                          ', NULL, NULL, NULL)
INSERT INTO [dbo].[Site] ([Id], [SiteName], [Suburb], [Latitude], [Longitude]) VALUES (16, N'Ipswich Rd Annerley           ', NULL, NULL, NULL)
INSERT INTO [dbo].[Site] ([Id], [SiteName], [Suburb], [Latitude], [Longitude]) VALUES (17, N'Karawatha                     ', NULL, NULL, NULL)
INSERT INTO [dbo].[Site] ([Id], [SiteName], [Suburb], [Latitude], [Longitude]) VALUES (18, N'Koala Park, Moorooka          ', NULL, NULL, NULL)
INSERT INTO [dbo].[Site] ([Id], [SiteName], [Suburb], [Latitude], [Longitude]) VALUES (19, N'Lake Manchester               ', NULL, NULL, NULL)
INSERT INTO [dbo].[Site] ([Id], [SiteName], [Suburb], [Latitude], [Longitude]) VALUES (20, N'Maroochydore                  ', NULL, NULL, NULL)
INSERT INTO [dbo].[Site] ([Id], [SiteName], [Suburb], [Latitude], [Longitude]) VALUES (21, N'Mt Gravatt                    ', NULL, NULL, NULL)
INSERT INTO [dbo].[Site] ([Id], [SiteName], [Suburb], [Latitude], [Longitude]) VALUES (22, N'Mt Mellum                     ', NULL, NULL, NULL)
INSERT INTO [dbo].[Site] ([Id], [SiteName], [Suburb], [Latitude], [Longitude]) VALUES (23, N'Northview Outlook, Moorooka   ', NULL, NULL, NULL)
INSERT INTO [dbo].[Site] ([Id], [SiteName], [Suburb], [Latitude], [Longitude]) VALUES (24, N'Oxley Creek Common            ', NULL, NULL, NULL)
INSERT INTO [dbo].[Site] ([Id], [SiteName], [Suburb], [Latitude], [Longitude]) VALUES (25, N'Percy St Park Tarragindi      ', NULL, NULL, NULL)
INSERT INTO [dbo].[Site] ([Id], [SiteName], [Suburb], [Latitude], [Longitude]) VALUES (26, N'Percy St Park, Tarragindi     ', N'Tarragindi', CAST(0.00000 AS Decimal(8, 5)), CAST(0.00000 AS Decimal(8, 5)))
INSERT INTO [dbo].[Site] ([Id], [SiteName], [Suburb], [Latitude], [Longitude]) VALUES (27, N'Rafting Ground Reserve        ', NULL, NULL, NULL)
INSERT INTO [dbo].[Site] ([Id], [SiteName], [Suburb], [Latitude], [Longitude]) VALUES (28, N'Rafting Ground Reserve, Pullen', NULL, NULL, NULL)
INSERT INTO [dbo].[Site] ([Id], [SiteName], [Suburb], [Latitude], [Longitude]) VALUES (29, N'Sarah St, Moorooka; Koala Park', NULL, NULL, NULL)
INSERT INTO [dbo].[Site] ([Id], [SiteName], [Suburb], [Latitude], [Longitude]) VALUES (30, N'SGAP Qld Region Meeting       ', NULL, NULL, NULL)
INSERT INTO [dbo].[Site] ([Id], [SiteName], [Suburb], [Latitude], [Longitude]) VALUES (31, N'Sherwood Arboretum            ', NULL, NULL, NULL)
INSERT INTO [dbo].[Site] ([Id], [SiteName], [Suburb], [Latitude], [Longitude]) VALUES (32, N'Sparkes Hill                  ', NULL, NULL, NULL)
INSERT INTO [dbo].[Site] ([Id], [SiteName], [Suburb], [Latitude], [Longitude]) VALUES (33, N'Sydney Harbour Foreshore      ', NULL, NULL, NULL)
INSERT INTO [dbo].[Site] ([Id], [SiteName], [Suburb], [Latitude], [Longitude]) VALUES (34, N'Tarragindi Rd Moorooka        ', N'Moorooka', CAST(0.00000 AS Decimal(8, 5)), CAST(0.00000 AS Decimal(8, 5)))
INSERT INTO [dbo].[Site] ([Id], [SiteName], [Suburb], [Latitude], [Longitude]) VALUES (35, N'Tarragindi Rd, Annerley       ', NULL, NULL, NULL)
INSERT INTO [dbo].[Site] ([Id], [SiteName], [Suburb], [Latitude], [Longitude]) VALUES (36, N'Tarragindi Reservoir          ', NULL, NULL, NULL)
INSERT INTO [dbo].[Site] ([Id], [SiteName], [Suburb], [Latitude], [Longitude]) VALUES (37, N'Tennessee Ave, Moorooka       ', NULL, NULL, NULL)
INSERT INTO [dbo].[Site] ([Id], [SiteName], [Suburb], [Latitude], [Longitude]) VALUES (38, N'Toohey Forest                 ', NULL, NULL, NULL)
INSERT INTO [dbo].[Site] ([Id], [SiteName], [Suburb], [Latitude], [Longitude]) VALUES (39, N'Unknown                       ', NULL, CAST(0.00000 AS Decimal(8, 5)), CAST(0.00000 AS Decimal(8, 5)))
INSERT INTO [dbo].[Site] ([Id], [SiteName], [Suburb], [Latitude], [Longitude]) VALUES (40, N'Unknown, Home                 ', NULL, CAST(0.00000 AS Decimal(8, 5)), CAST(0.00000 AS Decimal(8, 5)))
INSERT INTO [dbo].[Site] ([Id], [SiteName], [Suburb], [Latitude], [Longitude]) VALUES (41, N'White Rock                    ', NULL, NULL, NULL)
INSERT INTO [dbo].[Site] ([Id], [SiteName], [Suburb], [Latitude], [Longitude]) VALUES (42, N'Whites Hill                   ', NULL, NULL, NULL)
INSERT INTO [dbo].[Site] ([Id], [SiteName], [Suburb], [Latitude], [Longitude]) VALUES (43, N'Woolloongabba                 ', NULL, NULL, NULL)
INSERT INTO [dbo].[Site] ([Id], [SiteName], [Suburb], [Latitude], [Longitude]) VALUES (44, N'My test site', NULL, CAST(153.12345 AS Decimal(8, 5)), CAST(-27.11111 AS Decimal(8, 5)))
SET IDENTITY_INSERT [dbo].[Site] OFF

SET IDENTITY_INSERT [dbo].[SeedBatch] ON
INSERT INTO [dbo].[SeedBatch] ([Id], [SpeciesId], [DateCollected], [Location], [Notes], [SiteId]) VALUES (4, 139, N'2010-12-27', N'Hawks Nest                    ', NULL, 14)
INSERT INTO [dbo].[SeedBatch] ([Id], [SpeciesId], [DateCollected], [Location], [Notes], [SiteId]) VALUES (5, 140, N'2010-01-01', N'Oxley Creek Common            ', NULL, 24)
INSERT INTO [dbo].[SeedBatch] ([Id], [SpeciesId], [DateCollected], [Location], [Notes], [SiteId]) VALUES (6, 141, N'2010-01-01', N'Sarah St, Moorooka; Koala Park', NULL, 29)
INSERT INTO [dbo].[SeedBatch] ([Id], [SpeciesId], [DateCollected], [Location], [Notes], [SiteId]) VALUES (7, 142, N'2010-01-01', N'Koala Park, Moorooka          ', NULL, 18)
INSERT INTO [dbo].[SeedBatch] ([Id], [SpeciesId], [DateCollected], [Location], [Notes], [SiteId]) VALUES (8, 143, N'2010-01-01', N'Oxley Creek Common            ', NULL, 24)
INSERT INTO [dbo].[SeedBatch] ([Id], [SpeciesId], [DateCollected], [Location], [Notes], [SiteId]) VALUES (9, 144, N'2010-11-20', N'Sydney Harbour Foreshore      ', NULL, 33)
INSERT INTO [dbo].[SeedBatch] ([Id], [SpeciesId], [DateCollected], [Location], [Notes], [SiteId]) VALUES (10, 145, N'2010-10-30', N'Mt Mellum                     ', NULL, 22)
INSERT INTO [dbo].[SeedBatch] ([Id], [SpeciesId], [DateCollected], [Location], [Notes], [SiteId]) VALUES (11, 146, N'2010-12-27', N'Hawks Nest                    ', NULL, 14)
INSERT INTO [dbo].[SeedBatch] ([Id], [SpeciesId], [DateCollected], [Location], [Notes], [SiteId]) VALUES (12, 147, N'2010-12-27', N'Hawks Nest                    ', NULL, 14)
INSERT INTO [dbo].[SeedBatch] ([Id], [SpeciesId], [DateCollected], [Location], [Notes], [SiteId]) VALUES (13, 148, N'2010-12-27', N'Hawks Nest                    ', NULL, 14)
INSERT INTO [dbo].[SeedBatch] ([Id], [SpeciesId], [DateCollected], [Location], [Notes], [SiteId]) VALUES (14, 149, N'2010-12-01', N'Toohey Forest                 ', NULL, 38)
INSERT INTO [dbo].[SeedBatch] ([Id], [SpeciesId], [DateCollected], [Location], [Notes], [SiteId]) VALUES (15, 150, N'2011-02-01', N'Home                          ', NULL, 15)
INSERT INTO [dbo].[SeedBatch] ([Id], [SpeciesId], [DateCollected], [Location], [Notes], [SiteId]) VALUES (16, 151, N'2010-08-18', N'Toohey Forest                 ', NULL, 38)
INSERT INTO [dbo].[SeedBatch] ([Id], [SpeciesId], [DateCollected], [Location], [Notes], [SiteId]) VALUES (17, 152, N'2010-10-05', N'Lake Manchester               ', NULL, 19)
INSERT INTO [dbo].[SeedBatch] ([Id], [SpeciesId], [DateCollected], [Location], [Notes], [SiteId]) VALUES (18, 153, N'2010-01-01', N'(Dad)                         ', NULL, 1)
INSERT INTO [dbo].[SeedBatch] ([Id], [SpeciesId], [DateCollected], [Location], [Notes], [SiteId]) VALUES (19, 154, N'2010-12-14', N'Whites Hill                   ', NULL, 42)
INSERT INTO [dbo].[SeedBatch] ([Id], [SpeciesId], [DateCollected], [Location], [Notes], [SiteId]) VALUES (20, 155, N'2010-08-29', N'Home                          ', NULL, 15)
INSERT INTO [dbo].[SeedBatch] ([Id], [SpeciesId], [DateCollected], [Location], [Notes], [SiteId]) VALUES (21, 156, N'2011-02-18', N'Beverly Hill St, Moorooka     ', NULL, 4)
INSERT INTO [dbo].[SeedBatch] ([Id], [SpeciesId], [DateCollected], [Location], [Notes], [SiteId]) VALUES (22, 157, N'2011-01-16', N'Beverly Hill St, Moorooka     ', NULL, 4)
INSERT INTO [dbo].[SeedBatch] ([Id], [SpeciesId], [DateCollected], [Location], [Notes], [SiteId]) VALUES (23, 158, N'2010-01-01', N'(Dad)                         ', NULL, 1)
INSERT INTO [dbo].[SeedBatch] ([Id], [SpeciesId], [DateCollected], [Location], [Notes], [SiteId]) VALUES (24, 159, N'2010-01-01', N'(Dad)                         ', NULL, 1)
INSERT INTO [dbo].[SeedBatch] ([Id], [SpeciesId], [DateCollected], [Location], [Notes], [SiteId]) VALUES (25, 160, N'2010-01-01', N'Northview Outlook, Moorooka   ', NULL, 23)
INSERT INTO [dbo].[SeedBatch] ([Id], [SpeciesId], [DateCollected], [Location], [Notes], [SiteId]) VALUES (26, 162, N'2010-01-01', N'Toohey Forest                 ', NULL, 38)
INSERT INTO [dbo].[SeedBatch] ([Id], [SpeciesId], [DateCollected], [Location], [Notes], [SiteId]) VALUES (27, 163, N'2010-01-01', N'(Dad)                         ', NULL, 1)
INSERT INTO [dbo].[SeedBatch] ([Id], [SpeciesId], [DateCollected], [Location], [Notes], [SiteId]) VALUES (28, 164, N'2010-12-27', N'Hawks Nest                    ', NULL, 14)
INSERT INTO [dbo].[SeedBatch] ([Id], [SpeciesId], [DateCollected], [Location], [Notes], [SiteId]) VALUES (29, 165, N'2010-01-01', N'Beverly Hill St, Moorooka     ', NULL, 4)
INSERT INTO [dbo].[SeedBatch] ([Id], [SpeciesId], [DateCollected], [Location], [Notes], [SiteId]) VALUES (30, 166, N'2010-01-01', N'(Dad)                         ', NULL, 1)
INSERT INTO [dbo].[SeedBatch] ([Id], [SpeciesId], [DateCollected], [Location], [Notes], [SiteId]) VALUES (31, 167, N'2010-01-01', N'(Dad)                         ', NULL, 1)
INSERT INTO [dbo].[SeedBatch] ([Id], [SpeciesId], [DateCollected], [Location], [Notes], [SiteId]) VALUES (32, 168, N'2010-01-01', N'(Dad)                         ', NULL, 1)
INSERT INTO [dbo].[SeedBatch] ([Id], [SpeciesId], [DateCollected], [Location], [Notes], [SiteId]) VALUES (33, 169, N'2010-01-01', N'Unknown                       ', NULL, 39)
INSERT INTO [dbo].[SeedBatch] ([Id], [SpeciesId], [DateCollected], [Location], [Notes], [SiteId]) VALUES (34, 119, N'2010-07-29', N'Home                          ', NULL, 15)
INSERT INTO [dbo].[SeedBatch] ([Id], [SpeciesId], [DateCollected], [Location], [Notes], [SiteId]) VALUES (35, 173, N'2010-08-29', N'Home                          ', NULL, 15)
INSERT INTO [dbo].[SeedBatch] ([Id], [SpeciesId], [DateCollected], [Location], [Notes], [SiteId]) VALUES (36, 174, N'2010-10-30', N'Home                          ', NULL, 15)
INSERT INTO [dbo].[SeedBatch] ([Id], [SpeciesId], [DateCollected], [Location], [Notes], [SiteId]) VALUES (37, 175, N'2011-01-20', N'Toohey Forest                 ', NULL, 38)
INSERT INTO [dbo].[SeedBatch] ([Id], [SpeciesId], [DateCollected], [Location], [Notes], [SiteId]) VALUES (38, 176, N'2010-12-07', N'Fairfield                     ', NULL, 10)
INSERT INTO [dbo].[SeedBatch] ([Id], [SpeciesId], [DateCollected], [Location], [Notes], [SiteId]) VALUES (39, 177, N'2010-01-01', N'(Dad)                         ', NULL, 1)
INSERT INTO [dbo].[SeedBatch] ([Id], [SpeciesId], [DateCollected], [Location], [Notes], [SiteId]) VALUES (40, 178, N'2010-12-27', N'Hawks Nest                    ', NULL, 14)
INSERT INTO [dbo].[SeedBatch] ([Id], [SpeciesId], [DateCollected], [Location], [Notes], [SiteId]) VALUES (41, 179, N'2010-12-14', N'Whites Hill                   ', NULL, 42)
INSERT INTO [dbo].[SeedBatch] ([Id], [SpeciesId], [DateCollected], [Location], [Notes], [SiteId]) VALUES (42, 180, N'2010-01-01', N'CSIRO, Pullenvale             ', NULL, 9)
INSERT INTO [dbo].[SeedBatch] ([Id], [SpeciesId], [DateCollected], [Location], [Notes], [SiteId]) VALUES (43, 181, N'2010-01-01', N'Glendale Grove, Moorooka      ', NULL, 12)
INSERT INTO [dbo].[SeedBatch] ([Id], [SpeciesId], [DateCollected], [Location], [Notes], [SiteId]) VALUES (44, 182, N'2010-12-14', N'Whites Hill                   ', NULL, 42)
INSERT INTO [dbo].[SeedBatch] ([Id], [SpeciesId], [DateCollected], [Location], [Notes], [SiteId]) VALUES (45, 183, N'2010-11-01', N'Chermside                     ', NULL, 7)
INSERT INTO [dbo].[SeedBatch] ([Id], [SpeciesId], [DateCollected], [Location], [Notes], [SiteId]) VALUES (46, 184, N'2010-12-13', N'Toohey Forest                 ', NULL, 38)
INSERT INTO [dbo].[SeedBatch] ([Id], [SpeciesId], [DateCollected], [Location], [Notes], [SiteId]) VALUES (47, 185, N'2010-11-12', N'Percy St Park, Tarragindi     ', NULL, 26)
INSERT INTO [dbo].[SeedBatch] ([Id], [SpeciesId], [DateCollected], [Location], [Notes], [SiteId]) VALUES (48, 186, N'2011-02-17', N'Home                          ', NULL, 15)
INSERT INTO [dbo].[SeedBatch] ([Id], [SpeciesId], [DateCollected], [Location], [Notes], [SiteId]) VALUES (49, 187, N'2010-01-01', N'Oxley Creek Common            ', NULL, 24)
INSERT INTO [dbo].[SeedBatch] ([Id], [SpeciesId], [DateCollected], [Location], [Notes], [SiteId]) VALUES (50, 188, N'2010-12-14', N'Gap Creek                     ', NULL, 11)
INSERT INTO [dbo].[SeedBatch] ([Id], [SpeciesId], [DateCollected], [Location], [Notes], [SiteId]) VALUES (51, 189, N'2010-10-30', N'Mt Mellum                     ', NULL, 22)
INSERT INTO [dbo].[SeedBatch] ([Id], [SpeciesId], [DateCollected], [Location], [Notes], [SiteId]) VALUES (52, 190, N'2010-10-30', N'Mt Mellum                     ', NULL, 22)
INSERT INTO [dbo].[SeedBatch] ([Id], [SpeciesId], [DateCollected], [Location], [Notes], [SiteId]) VALUES (53, 191, N'2010-10-27', N'Home                          ', NULL, 15)
INSERT INTO [dbo].[SeedBatch] ([Id], [SpeciesId], [DateCollected], [Location], [Notes], [SiteId]) VALUES (54, 192, N'2011-01-06', N'Mt Mellum                     ', NULL, 22)
INSERT INTO [dbo].[SeedBatch] ([Id], [SpeciesId], [DateCollected], [Location], [Notes], [SiteId]) VALUES (55, 193, N'2010-08-18', N'Toohey Forest                 ', NULL, 38)
INSERT INTO [dbo].[SeedBatch] ([Id], [SpeciesId], [DateCollected], [Location], [Notes], [SiteId]) VALUES (56, 194, N'2010-11-20', N'Sydney Harbour Foreshore      ', NULL, 33)
INSERT INTO [dbo].[SeedBatch] ([Id], [SpeciesId], [DateCollected], [Location], [Notes], [SiteId]) VALUES (57, 195, N'2011-02-07', N'Tarragindi Rd Moorooka        ', NULL, 34)
INSERT INTO [dbo].[SeedBatch] ([Id], [SpeciesId], [DateCollected], [Location], [Notes], [SiteId]) VALUES (58, 196, N'2010-01-01', N'(Dad)                         ', NULL, 1)
INSERT INTO [dbo].[SeedBatch] ([Id], [SpeciesId], [DateCollected], [Location], [Notes], [SiteId]) VALUES (59, 197, N'2010-11-12', N'Percy St Park Tarragindi      ', NULL, 25)
INSERT INTO [dbo].[SeedBatch] ([Id], [SpeciesId], [DateCollected], [Location], [Notes], [SiteId]) VALUES (60, 198, N'2010-01-01', N'(Dad)                         ', NULL, 1)
INSERT INTO [dbo].[SeedBatch] ([Id], [SpeciesId], [DateCollected], [Location], [Notes], [SiteId]) VALUES (61, 199, N'2010-11-05', N'Tarragindi Reservoir          ', NULL, 36)
INSERT INTO [dbo].[SeedBatch] ([Id], [SpeciesId], [DateCollected], [Location], [Notes], [SiteId]) VALUES (62, 200, N'2010-01-01', N'(Dad)                         ', NULL, 1)
INSERT INTO [dbo].[SeedBatch] ([Id], [SpeciesId], [DateCollected], [Location], [Notes], [SiteId]) VALUES (63, 201, N'2010-11-30', N'Oxley Creek Common            ', NULL, 24)
INSERT INTO [dbo].[SeedBatch] ([Id], [SpeciesId], [DateCollected], [Location], [Notes], [SiteId]) VALUES (64, 202, N'2010-01-01', N'(Dad)                         ', NULL, 1)
INSERT INTO [dbo].[SeedBatch] ([Id], [SpeciesId], [DateCollected], [Location], [Notes], [SiteId]) VALUES (65, 203, N'2010-11-05', N'Cnr Woodville & Marjorie Sts, ', NULL, 8)
INSERT INTO [dbo].[SeedBatch] ([Id], [SpeciesId], [DateCollected], [Location], [Notes], [SiteId]) VALUES (66, 203, N'2010-12-07', N'Fairfield                     ', NULL, 10)
INSERT INTO [dbo].[SeedBatch] ([Id], [SpeciesId], [DateCollected], [Location], [Notes], [SiteId]) VALUES (67, 204, N'2010-11-30', N'Oxley Creek Common            ', NULL, 24)
INSERT INTO [dbo].[SeedBatch] ([Id], [SpeciesId], [DateCollected], [Location], [Notes], [SiteId]) VALUES (68, 205, N'2010-01-01', N'(Dad)                         ', NULL, 1)
INSERT INTO [dbo].[SeedBatch] ([Id], [SpeciesId], [DateCollected], [Location], [Notes], [SiteId]) VALUES (69, 206, N'2010-01-01', N'(Dad)                         ', NULL, 1)
INSERT INTO [dbo].[SeedBatch] ([Id], [SpeciesId], [DateCollected], [Location], [Notes], [SiteId]) VALUES (70, 207, N'2010-01-01', N'(Dad)                         ', NULL, 1)
INSERT INTO [dbo].[SeedBatch] ([Id], [SpeciesId], [DateCollected], [Location], [Notes], [SiteId]) VALUES (71, 208, N'2010-12-27', N'Hawks Nest                    ', NULL, 14)
INSERT INTO [dbo].[SeedBatch] ([Id], [SpeciesId], [DateCollected], [Location], [Notes], [SiteId]) VALUES (72, 209, N'2010-12-27', N'Hawks Nest                    ', NULL, 14)
INSERT INTO [dbo].[SeedBatch] ([Id], [SpeciesId], [DateCollected], [Location], [Notes], [SiteId]) VALUES (73, 210, N'2010-11-12', N'Ipswich Rd Annerley           ', NULL, 16)
INSERT INTO [dbo].[SeedBatch] ([Id], [SpeciesId], [DateCollected], [Location], [Notes], [SiteId]) VALUES (74, 211, N'2010-11-12', N'Percy St Park Tarragindi      ', NULL, 25)
INSERT INTO [dbo].[SeedBatch] ([Id], [SpeciesId], [DateCollected], [Location], [Notes], [SiteId]) VALUES (75, 212, N'2010-11-12', N'Percy St Park Tarragindi      ', NULL, 25)
INSERT INTO [dbo].[SeedBatch] ([Id], [SpeciesId], [DateCollected], [Location], [Notes], [SiteId]) VALUES (76, 213, N'2010-10-30', N'Mt Mellum                     ', NULL, 22)
INSERT INTO [dbo].[SeedBatch] ([Id], [SpeciesId], [DateCollected], [Location], [Notes], [SiteId]) VALUES (77, 214, N'2010-12-13', N'Toohey Forest                 ', NULL, 38)
INSERT INTO [dbo].[SeedBatch] ([Id], [SpeciesId], [DateCollected], [Location], [Notes], [SiteId]) VALUES (78, 215, N'2010-10-01', N'Home                          ', NULL, 15)
INSERT INTO [dbo].[SeedBatch] ([Id], [SpeciesId], [DateCollected], [Location], [Notes], [SiteId]) VALUES (79, 216, N'2010-12-13', N'Toohey Forest                 ', NULL, 38)
INSERT INTO [dbo].[SeedBatch] ([Id], [SpeciesId], [DateCollected], [Location], [Notes], [SiteId]) VALUES (80, 217, N'2010-10-01', N'Home                          ', NULL, 15)
INSERT INTO [dbo].[SeedBatch] ([Id], [SpeciesId], [DateCollected], [Location], [Notes], [SiteId]) VALUES (81, 218, N'2010-10-01', N'Home                          ', NULL, 15)
INSERT INTO [dbo].[SeedBatch] ([Id], [SpeciesId], [DateCollected], [Location], [Notes], [SiteId]) VALUES (82, 219, N'2010-10-01', N'Home                          ', NULL, 15)
INSERT INTO [dbo].[SeedBatch] ([Id], [SpeciesId], [DateCollected], [Location], [Notes], [SiteId]) VALUES (83, 221, N'2010-10-01', N'Home                          ', NULL, 15)
INSERT INTO [dbo].[SeedBatch] ([Id], [SpeciesId], [DateCollected], [Location], [Notes], [SiteId]) VALUES (84, 222, N'2010-10-26', N'Brisbane Koala Bushlands      ', NULL, 5)
INSERT INTO [dbo].[SeedBatch] ([Id], [SpeciesId], [DateCollected], [Location], [Notes], [SiteId]) VALUES (85, 223, N'2010-10-01', N'Home                          ', NULL, 15)
INSERT INTO [dbo].[SeedBatch] ([Id], [SpeciesId], [DateCollected], [Location], [Notes], [SiteId]) VALUES (86, 224, N'2011-01-09', N'Mt Mellum                     ', NULL, 22)
INSERT INTO [dbo].[SeedBatch] ([Id], [SpeciesId], [DateCollected], [Location], [Notes], [SiteId]) VALUES (87, 225, N'2010-01-01', N'(Dad)                         ', NULL, 1)
INSERT INTO [dbo].[SeedBatch] ([Id], [SpeciesId], [DateCollected], [Location], [Notes], [SiteId]) VALUES (88, 226, N'2010-08-18', N'Toohey Forest                 ', NULL, 38)
INSERT INTO [dbo].[SeedBatch] ([Id], [SpeciesId], [DateCollected], [Location], [Notes], [SiteId]) VALUES (89, 227, N'2010-12-27', N'Hawks Nest                    ', NULL, 14)
INSERT INTO [dbo].[SeedBatch] ([Id], [SpeciesId], [DateCollected], [Location], [Notes], [SiteId]) VALUES (90, 228, N'2010-10-01', N'Home                          ', NULL, 15)
INSERT INTO [dbo].[SeedBatch] ([Id], [SpeciesId], [DateCollected], [Location], [Notes], [SiteId]) VALUES (91, 229, N'2010-10-30', N'Mt Mellum                     ', NULL, 22)
INSERT INTO [dbo].[SeedBatch] ([Id], [SpeciesId], [DateCollected], [Location], [Notes], [SiteId]) VALUES (92, 230, N'2010-10-01', N'Woolloongabba                 ', NULL, 43)
INSERT INTO [dbo].[SeedBatch] ([Id], [SpeciesId], [DateCollected], [Location], [Notes], [SiteId]) VALUES (93, 231, N'2010-10-30', N'Mt Mellum                     ', NULL, 22)
INSERT INTO [dbo].[SeedBatch] ([Id], [SpeciesId], [DateCollected], [Location], [Notes], [SiteId]) VALUES (94, 232, N'2010-12-27', N'Hawks Nest                    ', NULL, 14)
INSERT INTO [dbo].[SeedBatch] ([Id], [SpeciesId], [DateCollected], [Location], [Notes], [SiteId]) VALUES (95, 233, N'2010-08-18', N'Toohey Forest                 ', NULL, 38)
INSERT INTO [dbo].[SeedBatch] ([Id], [SpeciesId], [DateCollected], [Location], [Notes], [SiteId]) VALUES (96, 237, N'2010-10-01', N'Home                          ', NULL, 15)
INSERT INTO [dbo].[SeedBatch] ([Id], [SpeciesId], [DateCollected], [Location], [Notes], [SiteId]) VALUES (97, 234, N'2010-01-01', N'(Dad)                         ', NULL, 1)
INSERT INTO [dbo].[SeedBatch] ([Id], [SpeciesId], [DateCollected], [Location], [Notes], [SiteId]) VALUES (98, 235, N'2010-08-18', N'Toohey Forest                 ', NULL, 38)
INSERT INTO [dbo].[SeedBatch] ([Id], [SpeciesId], [DateCollected], [Location], [Notes], [SiteId]) VALUES (99, 236, N'2010-10-01', N'(Dad)                         ', NULL, 1)
INSERT INTO [dbo].[SeedBatch] ([Id], [SpeciesId], [DateCollected], [Location], [Notes], [SiteId]) VALUES (100, 238, N'2010-10-01', N'Home                          ', NULL, 15)
INSERT INTO [dbo].[SeedBatch] ([Id], [SpeciesId], [DateCollected], [Location], [Notes], [SiteId]) VALUES (101, 239, N'2010-11-05', N'Tarragindi Rd, Annerley       ', NULL, 35)
INSERT INTO [dbo].[SeedBatch] ([Id], [SpeciesId], [DateCollected], [Location], [Notes], [SiteId]) VALUES (102, 240, N'2010-10-01', N'Home                          ', NULL, 15)
INSERT INTO [dbo].[SeedBatch] ([Id], [SpeciesId], [DateCollected], [Location], [Notes], [SiteId]) VALUES (103, 241, N'2010-01-01', N'Home                          ', NULL, 15)
INSERT INTO [dbo].[SeedBatch] ([Id], [SpeciesId], [DateCollected], [Location], [Notes], [SiteId]) VALUES (104, 242, N'2010-01-01', N'CSIRO, Pullenvale             ', NULL, 9)
INSERT INTO [dbo].[SeedBatch] ([Id], [SpeciesId], [DateCollected], [Location], [Notes], [SiteId]) VALUES (105, 243, N'2010-01-01', N'Home                          ', NULL, 15)
INSERT INTO [dbo].[SeedBatch] ([Id], [SpeciesId], [DateCollected], [Location], [Notes], [SiteId]) VALUES (106, 244, N'2010-12-20', N'Sherwood Arboretum            ', NULL, 31)
INSERT INTO [dbo].[SeedBatch] ([Id], [SpeciesId], [DateCollected], [Location], [Notes], [SiteId]) VALUES (107, 245, N'2010-12-20', N'Sherwood Arboretum            ', NULL, 31)
INSERT INTO [dbo].[SeedBatch] ([Id], [SpeciesId], [DateCollected], [Location], [Notes], [SiteId]) VALUES (108, 246, N'2010-12-27', N'Hawks Nest                    ', NULL, 14)
INSERT INTO [dbo].[SeedBatch] ([Id], [SpeciesId], [DateCollected], [Location], [Notes], [SiteId]) VALUES (109, 247, N'2010-12-27', N'Hawks Nest                    ', NULL, 14)
INSERT INTO [dbo].[SeedBatch] ([Id], [SpeciesId], [DateCollected], [Location], [Notes], [SiteId]) VALUES (110, 248, N'2010-11-30', N'Oxley Creek Common            ', NULL, 24)
INSERT INTO [dbo].[SeedBatch] ([Id], [SpeciesId], [DateCollected], [Location], [Notes], [SiteId]) VALUES (111, 250, N'2010-01-01', N'Home                          ', NULL, 15)
INSERT INTO [dbo].[SeedBatch] ([Id], [SpeciesId], [DateCollected], [Location], [Notes], [SiteId]) VALUES (112, 251, N'2010-10-01', N'(Dad) Dromana                 ', NULL, 2)
INSERT INTO [dbo].[SeedBatch] ([Id], [SpeciesId], [DateCollected], [Location], [Notes], [SiteId]) VALUES (113, 252, N'2010-10-01', N'Tennessee Ave, Moorooka       ', NULL, 37)
INSERT INTO [dbo].[SeedBatch] ([Id], [SpeciesId], [DateCollected], [Location], [Notes], [SiteId]) VALUES (114, 253, N'2010-11-30', N'Oxley Creek Common            ', NULL, 24)
INSERT INTO [dbo].[SeedBatch] ([Id], [SpeciesId], [DateCollected], [Location], [Notes], [SiteId]) VALUES (115, 254, N'2010-11-13', N'Home                          ', NULL, 15)
INSERT INTO [dbo].[SeedBatch] ([Id], [SpeciesId], [DateCollected], [Location], [Notes], [SiteId]) VALUES (116, 256, N'2010-10-01', N'Home                          ', NULL, 15)
INSERT INTO [dbo].[SeedBatch] ([Id], [SpeciesId], [DateCollected], [Location], [Notes], [SiteId]) VALUES (117, 257, N'2010-12-20', N'Sherwood Arboretum            ', NULL, 31)
INSERT INTO [dbo].[SeedBatch] ([Id], [SpeciesId], [DateCollected], [Location], [Notes], [SiteId]) VALUES (118, 258, N'2010-12-20', N'Sherwood Arboretum            ', NULL, 31)
INSERT INTO [dbo].[SeedBatch] ([Id], [SpeciesId], [DateCollected], [Location], [Notes], [SiteId]) VALUES (119, 259, N'2010-08-18', N'Toohey Forest                 ', NULL, 38)
INSERT INTO [dbo].[SeedBatch] ([Id], [SpeciesId], [DateCollected], [Location], [Notes], [SiteId]) VALUES (120, 260, N'2010-12-14', N'Whites Hill                   ', NULL, 42)
INSERT INTO [dbo].[SeedBatch] ([Id], [SpeciesId], [DateCollected], [Location], [Notes], [SiteId]) VALUES (121, 261, N'2010-12-14', N'Whites Hill                   ', NULL, 42)
INSERT INTO [dbo].[SeedBatch] ([Id], [SpeciesId], [DateCollected], [Location], [Notes], [SiteId]) VALUES (122, 262, N'2011-01-20', N'Toohey Forest                 ', NULL, 38)
INSERT INTO [dbo].[SeedBatch] ([Id], [SpeciesId], [DateCollected], [Location], [Notes], [SiteId]) VALUES (123, 265, N'2010-10-01', N'Home                          ', NULL, 15)
INSERT INTO [dbo].[SeedBatch] ([Id], [SpeciesId], [DateCollected], [Location], [Notes], [SiteId]) VALUES (124, 263, N'2010-10-30', N'Mt Mellum                     ', NULL, 22)
INSERT INTO [dbo].[SeedBatch] ([Id], [SpeciesId], [DateCollected], [Location], [Notes], [SiteId]) VALUES (125, 264, N'2010-10-30', N'Mt Mellum                     ', NULL, 22)
INSERT INTO [dbo].[SeedBatch] ([Id], [SpeciesId], [DateCollected], [Location], [Notes], [SiteId]) VALUES (126, 267, N'2010-10-30', N'Mt Mellum                     ', NULL, 22)
INSERT INTO [dbo].[SeedBatch] ([Id], [SpeciesId], [DateCollected], [Location], [Notes], [SiteId]) VALUES (127, 268, N'2010-12-14', N'Whites Hill                   ', NULL, 42)
INSERT INTO [dbo].[SeedBatch] ([Id], [SpeciesId], [DateCollected], [Location], [Notes], [SiteId]) VALUES (128, 269, N'2010-12-14', N'Rafting Ground Reserve, Pullen', NULL, 28)
INSERT INTO [dbo].[SeedBatch] ([Id], [SpeciesId], [DateCollected], [Location], [Notes], [SiteId]) VALUES (129, 270, N'2010-10-30', N'Mt Mellum                     ', NULL, 22)
INSERT INTO [dbo].[SeedBatch] ([Id], [SpeciesId], [DateCollected], [Location], [Notes], [SiteId]) VALUES (130, 270, N'2010-12-20', N'Sherwood Arboretum            ', NULL, 31)
INSERT INTO [dbo].[SeedBatch] ([Id], [SpeciesId], [DateCollected], [Location], [Notes], [SiteId]) VALUES (131, 271, N'2010-12-27', N'Hawks Nest                    ', NULL, 14)
INSERT INTO [dbo].[SeedBatch] ([Id], [SpeciesId], [DateCollected], [Location], [Notes], [SiteId]) VALUES (132, 272, N'2010-12-06', N'Beverly Hill St, Moorooka     ', NULL, 4)
INSERT INTO [dbo].[SeedBatch] ([Id], [SpeciesId], [DateCollected], [Location], [Notes], [SiteId]) VALUES (133, 273, N'2010-10-01', N'Home                          ', NULL, 15)
INSERT INTO [dbo].[SeedBatch] ([Id], [SpeciesId], [DateCollected], [Location], [Notes], [SiteId]) VALUES (134, 274, N'2010-01-01', N'Home                          ', NULL, 15)
INSERT INTO [dbo].[SeedBatch] ([Id], [SpeciesId], [DateCollected], [Location], [Notes], [SiteId]) VALUES (135, 275, N'2010-01-01', N'Home                          ', NULL, 15)
INSERT INTO [dbo].[SeedBatch] ([Id], [SpeciesId], [DateCollected], [Location], [Notes], [SiteId]) VALUES (136, 276, N'2011-01-20', N'Toohey Forest                 ', NULL, 38)
INSERT INTO [dbo].[SeedBatch] ([Id], [SpeciesId], [DateCollected], [Location], [Notes], [SiteId]) VALUES (137, 278, N'2010-10-01', N'Home                          ', NULL, 15)
INSERT INTO [dbo].[SeedBatch] ([Id], [SpeciesId], [DateCollected], [Location], [Notes], [SiteId]) VALUES (138, 279, N'2010-08-18', N'Toohey Forest                 ', NULL, 38)
INSERT INTO [dbo].[SeedBatch] ([Id], [SpeciesId], [DateCollected], [Location], [Notes], [SiteId]) VALUES (139, 280, N'2010-01-01', N'Northview Outlook, Moorooka   ', NULL, 23)
INSERT INTO [dbo].[SeedBatch] ([Id], [SpeciesId], [DateCollected], [Location], [Notes], [SiteId]) VALUES (140, 208, N'2011-02-25', N'Mt Gravatt                    ', NULL, 21)
INSERT INTO [dbo].[SeedBatch] ([Id], [SpeciesId], [DateCollected], [Location], [Notes], [SiteId]) VALUES (141, 286, N'2011-02-26', N'Rafting Ground Reserve        ', NULL, 27)
INSERT INTO [dbo].[SeedBatch] ([Id], [SpeciesId], [DateCollected], [Location], [Notes], [SiteId]) VALUES (142, 283, N'2011-02-26', N'White Rock                    ', NULL, 41)
INSERT INTO [dbo].[SeedBatch] ([Id], [SpeciesId], [DateCollected], [Location], [Notes], [SiteId]) VALUES (143, 284, N'2011-02-26', N'Rafting Ground Reserve        ', NULL, 27)
INSERT INTO [dbo].[SeedBatch] ([Id], [SpeciesId], [DateCollected], [Location], [Notes], [SiteId]) VALUES (144, 290, N'2011-02-14', N'SGAP Qld Region Meeting       ', NULL, 30)
INSERT INTO [dbo].[SeedBatch] ([Id], [SpeciesId], [DateCollected], [Location], [Notes], [SiteId]) VALUES (145, 291, N'2011-03-04', N'Unknown                       ', NULL, 39)
INSERT INTO [dbo].[SeedBatch] ([Id], [SpeciesId], [DateCollected], [Location], [Notes], [SiteId]) VALUES (146, 292, N'2011-03-04', N'Mt Mellum                     ', NULL, 22)
INSERT INTO [dbo].[SeedBatch] ([Id], [SpeciesId], [DateCollected], [Location], [Notes], [SiteId]) VALUES (147, 192, N'2011-03-04', N'Mt Mellum                     ', NULL, 22)
INSERT INTO [dbo].[SeedBatch] ([Id], [SpeciesId], [DateCollected], [Location], [Notes], [SiteId]) VALUES (148, 290, N'2011-03-04', N'Mt Mellum                     ', NULL, 22)
INSERT INTO [dbo].[SeedBatch] ([Id], [SpeciesId], [DateCollected], [Location], [Notes], [SiteId]) VALUES (149, 293, N'2011-03-04', N'Mt Mellum                     ', NULL, 22)
INSERT INTO [dbo].[SeedBatch] ([Id], [SpeciesId], [DateCollected], [Location], [Notes], [SiteId]) VALUES (150, 294, N'2011-03-04', N'Mt Mellum                     ', NULL, 22)
INSERT INTO [dbo].[SeedBatch] ([Id], [SpeciesId], [DateCollected], [Location], [Notes], [SiteId]) VALUES (151, 295, N'2011-03-04', N'Mt Mellum                     ', NULL, 22)
INSERT INTO [dbo].[SeedBatch] ([Id], [SpeciesId], [DateCollected], [Location], [Notes], [SiteId]) VALUES (152, 296, N'2011-03-26', N'Bunya Mountains               ', NULL, 6)
INSERT INTO [dbo].[SeedBatch] ([Id], [SpeciesId], [DateCollected], [Location], [Notes], [SiteId]) VALUES (153, 297, N'2011-03-14', N'Unknown, Home                 ', N'From SGAP meeting and my garden                                                                                                                                                                         ', 40)
INSERT INTO [dbo].[SeedBatch] ([Id], [SpeciesId], [DateCollected], [Location], [Notes], [SiteId]) VALUES (154, 298, N'2011-03-19', N'Mt Mellum                     ', NULL, 22)
INSERT INTO [dbo].[SeedBatch] ([Id], [SpeciesId], [DateCollected], [Location], [Notes], [SiteId]) VALUES (155, 299, N'2011-03-19', N'Mt Mellum                     ', NULL, 22)
INSERT INTO [dbo].[SeedBatch] ([Id], [SpeciesId], [DateCollected], [Location], [Notes], [SiteId]) VALUES (156, 300, N'2011-03-19', N'Mt Mellum                     ', NULL, 22)
INSERT INTO [dbo].[SeedBatch] ([Id], [SpeciesId], [DateCollected], [Location], [Notes], [SiteId]) VALUES (157, 301, N'2011-03-19', N'Mt Mellum                     ', NULL, 22)
INSERT INTO [dbo].[SeedBatch] ([Id], [SpeciesId], [DateCollected], [Location], [Notes], [SiteId]) VALUES (158, 302, N'2011-03-17', N'Mt Mellum                     ', NULL, 22)
INSERT INTO [dbo].[SeedBatch] ([Id], [SpeciesId], [DateCollected], [Location], [Notes], [SiteId]) VALUES (159, 303, N'2011-03-19', N'Mt Mellum                     ', NULL, 22)
INSERT INTO [dbo].[SeedBatch] ([Id], [SpeciesId], [DateCollected], [Location], [Notes], [SiteId]) VALUES (160, 304, N'2011-03-26', N'Bunya Mountains               ', NULL, 6)
INSERT INTO [dbo].[SeedBatch] ([Id], [SpeciesId], [DateCollected], [Location], [Notes], [SiteId]) VALUES (161, 305, N'2011-03-16', N'Griffith Uni, Nathan          ', NULL, 13)
INSERT INTO [dbo].[SeedBatch] ([Id], [SpeciesId], [DateCollected], [Location], [Notes], [SiteId]) VALUES (162, 226, N'2011-03-16', N'Griffith Uni, Nathan          ', NULL, 13)
INSERT INTO [dbo].[SeedBatch] ([Id], [SpeciesId], [DateCollected], [Location], [Notes], [SiteId]) VALUES (163, 306, N'2011-03-16', N'Griffith Uni, Nathan          ', NULL, 13)
INSERT INTO [dbo].[SeedBatch] ([Id], [SpeciesId], [DateCollected], [Location], [Notes], [SiteId]) VALUES (164, 307, N'2011-03-16', N'Griffith Uni, Nathan          ', NULL, 13)
INSERT INTO [dbo].[SeedBatch] ([Id], [SpeciesId], [DateCollected], [Location], [Notes], [SiteId]) VALUES (166, 308, N'2011-03-16', N'Griffith Uni, Nathan          ', NULL, 13)
INSERT INTO [dbo].[SeedBatch] ([Id], [SpeciesId], [DateCollected], [Location], [Notes], [SiteId]) VALUES (167, 309, N'2011-03-16', N'Griffith Uni, Nathan          ', NULL, 13)
INSERT INTO [dbo].[SeedBatch] ([Id], [SpeciesId], [DateCollected], [Location], [Notes], [SiteId]) VALUES (168, 309, N'2011-03-16', N'Griffith Uni, Nathan          ', NULL, 13)
INSERT INTO [dbo].[SeedBatch] ([Id], [SpeciesId], [DateCollected], [Location], [Notes], [SiteId]) VALUES (169, 323, N'2011-04-15', N'Sparkes Hill                  ', NULL, 32)
INSERT INTO [dbo].[SeedBatch] ([Id], [SpeciesId], [DateCollected], [Location], [Notes], [SiteId]) VALUES (170, 324, N'2011-04-25', N'Beerburrum                    ', NULL, 3)
INSERT INTO [dbo].[SeedBatch] ([Id], [SpeciesId], [DateCollected], [Location], [Notes], [SiteId]) VALUES (171, 325, N'2011-04-25', N'Beerburrum                    ', NULL, 3)
INSERT INTO [dbo].[SeedBatch] ([Id], [SpeciesId], [DateCollected], [Location], [Notes], [SiteId]) VALUES (172, 326, N'2011-04-25', N'Beerburrum                    ', NULL, 3)
INSERT INTO [dbo].[SeedBatch] ([Id], [SpeciesId], [DateCollected], [Location], [Notes], [SiteId]) VALUES (173, 327, N'2011-04-25', N'Beerburrum                    ', NULL, 3)
INSERT INTO [dbo].[SeedBatch] ([Id], [SpeciesId], [DateCollected], [Location], [Notes], [SiteId]) VALUES (174, 328, N'2011-04-25', N'Beerburrum                    ', NULL, 3)
INSERT INTO [dbo].[SeedBatch] ([Id], [SpeciesId], [DateCollected], [Location], [Notes], [SiteId]) VALUES (175, 150, N'2011-04-23', N'Maroochydore                  ', NULL, 20)
INSERT INTO [dbo].[SeedBatch] ([Id], [SpeciesId], [DateCollected], [Location], [Notes], [SiteId]) VALUES (176, 329, N'2011-04-30', N'Griffith Uni, Nathan          ', NULL, 13)
INSERT INTO [dbo].[SeedBatch] ([Id], [SpeciesId], [DateCollected], [Location], [Notes], [SiteId]) VALUES (177, 330, N'2011-04-30', N'Griffith Uni, Nathan          ', NULL, 13)
INSERT INTO [dbo].[SeedBatch] ([Id], [SpeciesId], [DateCollected], [Location], [Notes], [SiteId]) VALUES (178, 331, N'2011-04-30', N'Griffith Uni, Nathan          ', NULL, 13)
INSERT INTO [dbo].[SeedBatch] ([Id], [SpeciesId], [DateCollected], [Location], [Notes], [SiteId]) VALUES (179, 283, N'2011-04-30', N'Griffith Uni, Nathan          ', NULL, 13)
INSERT INTO [dbo].[SeedBatch] ([Id], [SpeciesId], [DateCollected], [Location], [Notes], [SiteId]) VALUES (180, 322, N'2011-04-09', N'Karawatha                     ', NULL, 17)
INSERT INTO [dbo].[SeedBatch] ([Id], [SpeciesId], [DateCollected], [Location], [Notes], [SiteId]) VALUES (181, 139, N'2010-12-30', N'Hawks Nest                    ', NULL, 14)
INSERT INTO [dbo].[SeedBatch] ([Id], [SpeciesId], [DateCollected], [Location], [Notes], [SiteId]) VALUES (185, 142, N'2017-08-03', N'home', N'testing', NULL)
INSERT INTO [dbo].[SeedBatch] ([Id], [SpeciesId], [DateCollected], [Location], [Notes], [SiteId]) VALUES (186, 140, N'2017-08-02', NULL, NULL, NULL)
SET IDENTITY_INSERT [dbo].[SeedBatch] OFF

SET IDENTITY_INSERT [dbo].[ProductType] ON
INSERT INTO [dbo].[ProductType] ([Id], [Name]) VALUES (1, N'Tube')
INSERT INTO [dbo].[ProductType] ([Id], [Name]) VALUES (2, N'Medium Pot')
INSERT INTO [dbo].[ProductType] ([Id], [Name]) VALUES (3, N'Large Pot')
SET IDENTITY_INSERT [dbo].[ProductType] OFF

SET IDENTITY_INSERT [dbo].[PriceListType] ON
INSERT INTO [dbo].[PriceListType] ([Id], [Name], [Kind]) VALUES (1, N'Market Prices', N'R')
INSERT INTO [dbo].[PriceListType] ([Id], [Name], [Kind]) VALUES (2, N'Friends Prices', N'R')
SET IDENTITY_INSERT [dbo].[PriceListType] OFF

-- prices for price list types
INSERT INTO [dbo].[ProductPrice] ([PriceListTypeId], [ProductTypeId], [Price], [DateEffective]) VALUES (1, 1, CAST(3.00 AS Decimal(18, 2)), N'2011-01-01')
INSERT INTO [dbo].[ProductPrice] ([PriceListTypeId], [ProductTypeId], [Price], [DateEffective]) VALUES (1, 2, CAST(4.00 AS Decimal(18, 2)), N'2011-01-01')
INSERT INTO [dbo].[ProductPrice] ([PriceListTypeId], [ProductTypeId], [Price], [DateEffective]) VALUES (1, 3, CAST(8.00 AS Decimal(18, 2)), N'2011-01-01')
INSERT INTO [dbo].[ProductPrice] ([PriceListTypeId], [ProductTypeId], [Price], [DateEffective]) VALUES (2, 1, CAST(0.50 AS Decimal(18, 2)), N'2011-01-01')
INSERT INTO [dbo].[ProductPrice] ([PriceListTypeId], [ProductTypeId], [Price], [DateEffective]) VALUES (2, 2, CAST(1.00 AS Decimal(18, 2)), N'2011-01-01')
INSERT INTO [dbo].[ProductPrice] ([PriceListTypeId], [ProductTypeId], [Price], [DateEffective]) VALUES (2, 3, CAST(2.00 AS Decimal(18, 2)), N'2011-01-01')